student_id,timestamp,eval_time
student_78,23/01/2023 10:10:44,14.29
student_63,23/01/2023 10:10:52,14.7
student_75,23/01/2023 10:11:11,12.5
student_139,23/01/2023 10:11:54,11.6
student_184,23/01/2023 10:14:39,12.11
student_34,23/01/2023 10:15:03,12.62
student_139,23/01/2023 10:15:13,8.6
student_184,23/01/2023 10:15:15,14.8
student_67,23/01/2023 10:15:16,13.8
student_133,23/01/2023 10:15:47,8.83
student_49,23/01/2023 10:16:41,12.78
student_120,23/01/2023 10:16:51,9.59
student_154,23/01/2023 10:16:52,16.52
student_152,23/01/2023 10:16:59,16.08
student_10,23/01/2023 10:17:22,13.95
student_18,23/01/2023 10:18:34,12.89
student_150,23/01/2023 10:18:49,14.33
student_2,23/01/2023 10:19:18,12.41
student_169,23/01/2023 10:19:39,17.2
student_154,23/01/2023 10:19:47,14.56
student_125,23/01/2023 10:20:22,10.09
student_112,23/01/2023 10:20:23,14.89
student_178,23/01/2023 10:20:35,7.61
student_76,23/01/2023 10:20:40,13.97
student_27,23/01/2023 10:20:47,9.68
student_88,23/01/2023 10:20:49,11.26
student_111,23/01/2023 10:20:52,9.5
student_4,23/01/2023 10:21:03,10.73
student_175,23/01/2023 10:21:19,10.85
student_196,23/01/2023 10:21:21,10.94
student_125,23/01/2023 10:21:38,8.88
student_168,23/01/2023 10:21:50,13.42
student_50,23/01/2023 10:22:15,14.56
student_62,23/01/2023 10:22:22,7.67
student_157,23/01/2023 10:22:30,12.73
student_150,23/01/2023 10:22:52,9.74
student_55,23/01/2023 10:22:54,16.27
student_170,23/01/2023 10:22:56,10.95
student_63,23/01/2023 10:23:03,12.64
student_42,23/01/2023 10:23:05,10.58
student_21,23/01/2023 10:23:13,14.65
student_23,23/01/2023 10:23:14,10.8
student_149,23/01/2023 10:23:36,14.85
student_67,23/01/2023 10:23:55,12.54
student_117,23/01/2023 10:24:34,8.56
student_67,23/01/2023 10:24:42,11.25
student_62,23/01/2023 10:24:55,14.63
student_78,23/01/2023 10:25:36,14.46
student_157,23/01/2023 10:25:40,7.94
student_184,23/01/2023 10:25:51,10.73
student_164,23/01/2023 10:26:23,9.14
student_19,23/01/2023 10:26:23,10.17
student_62,23/01/2023 10:26:27,12.51
student_126,23/01/2023 10:26:47,9.64
student_150,23/01/2023 10:26:59,16.4
student_49,23/01/2023 10:27:05,9.6
student_85,23/01/2023 10:27:16,9.46
student_79,23/01/2023 10:27:18,12.55
student_7,23/01/2023 10:27:22,12.14
student_89,23/01/2023 10:27:28,9.65
student_111,23/01/2023 10:28:01,9.52
student_145,23/01/2023 10:28:06,10.29
student_107,23/01/2023 10:28:09,7.48
student_178,23/01/2023 10:28:14,10.91
student_154,23/01/2023 10:28:14,15.8
student_29,23/01/2023 10:28:52,10.42
student_55,23/01/2023 10:28:56,13.21
student_133,23/01/2023 10:29:33,8.46
student_150,23/01/2023 10:30:16,13.61
student_110,23/01/2023 10:30:28,10.91
student_157,23/01/2023 10:30:33,12.4
student_98,23/01/2023 10:31:11,12.3
student_120,23/01/2023 10:31:13,13.5
student_148,23/01/2023 10:31:48,16.86
student_127,23/01/2023 10:31:48,11.76
student_55,23/01/2023 10:31:52,13.87
student_126,23/01/2023 10:31:57,14.02
student_98,23/01/2023 10:32:06,7.22
student_73,23/01/2023 10:32:14,11.76
student_155,23/01/2023 10:32:15,7.12
student_116,23/01/2023 10:32:17,15.67
student_198,23/01/2023 10:32:41,10.2
student_146,23/01/2023 10:32:41,12.94
student_53,23/01/2023 10:32:46,14.56
student_17,23/01/2023 10:33:05,16.4
student_169,23/01/2023 10:33:22,10.94
student_99,23/01/2023 10:33:24,9.16
student_19,23/01/2023 10:33:25,13.04
student_6,23/01/2023 10:33:39,11.01
student_53,23/01/2023 10:33:54,14.56
student_155,23/01/2023 10:34:15,10
student_62,23/01/2023 10:34:35,8.9
student_163,23/01/2023 10:34:45,15
student_148,23/01/2023 10:34:47,8.19
student_148,23/01/2023 10:34:50,11.17
student_126,23/01/2023 10:34:58,14.46
student_96,23/01/2023 10:34:59,12.48
student_104,23/01/2023 10:35:05,13.05
student_109,23/01/2023 10:35:24,15.16
student_142,23/01/2023 10:35:32,10.06
student_169,23/01/2023 10:35:46,12.79
student_152,23/01/2023 10:35:56,14.68
student_82,23/01/2023 10:35:58,10.05
student_54,23/01/2023 10:36:10,10.12
student_98,23/01/2023 10:36:18,14.8
student_39,23/01/2023 10:36:21,7.89
student_77,23/01/2023 10:37:08,8.98
student_169,23/01/2023 10:38:15,10.66
student_109,23/01/2023 10:38:17,14.26
student_126,23/01/2023 10:38:36,12.61
student_173,23/01/2023 10:38:59,9.63
student_78,23/01/2023 10:39:12,15.9
student_181,23/01/2023 10:39:20,11.17
student_159,23/01/2023 10:39:30,12.93
student_106,23/01/2023 10:39:43,9.3
student_172,23/01/2023 10:40:01,12.93
student_155,23/01/2023 10:40:54,8.52
student_82,23/01/2023 10:40:57,10.45
student_44,23/01/2023 10:41:18,11.72
student_62,23/01/2023 10:41:20,13.6
student_200,23/01/2023 10:41:22,14.2
student_12,23/01/2023 10:41:31,12.21
student_185,23/01/2023 10:41:41,15.66
student_10,23/01/2023 10:42:14,9.02
student_11,23/01/2023 10:42:16,12.5
student_169,23/01/2023 10:42:30,15.72
student_15,23/01/2023 10:42:32,13.8
student_26,23/01/2023 10:42:54,15.58
student_188,23/01/2023 10:43:11,14.57
student_173,23/01/2023 10:43:42,14.19
student_169,23/01/2023 10:43:52,14.17
student_157,23/01/2023 10:44:16,7.76
student_14,23/01/2023 10:44:19,11.98
student_24,23/01/2023 10:44:19,13.88
student_97,23/01/2023 10:44:34,14.15
student_42,23/01/2023 10:44:36,11.12
student_123,23/01/2023 10:45:00,12.41
student_114,23/01/2023 10:45:09,13.34
student_127,23/01/2023 10:45:29,12.97
student_42,23/01/2023 10:45:35,7.04
student_45,23/01/2023 10:45:40,11.19
student_23,23/01/2023 10:45:43,12.38
student_157,23/01/2023 10:45:57,13.18
student_98,23/01/2023 10:46:04,15.36
student_97,23/01/2023 10:46:05,9.75
student_28,23/01/2023 10:46:24,9.49
student_154,23/01/2023 10:46:42,11.94
student_155,23/01/2023 10:46:48,8.51
student_123,23/01/2023 10:47:02,12.69
student_97,23/01/2023 10:47:03,14.08
student_94,23/01/2023 10:47:15,12.3
student_157,23/01/2023 10:47:37,14.67
student_85,23/01/2023 10:47:45,10.27
student_37,23/01/2023 10:48:05,13.77
student_59,23/01/2023 10:48:36,9.09
student_98,23/01/2023 10:49:03,10.65
student_178,23/01/2023 10:49:08,9.3
student_104,23/01/2023 10:49:10,12.07
student_42,23/01/2023 10:49:30,12.82
student_122,23/01/2023 10:49:31,10.32
student_198,23/01/2023 10:49:32,10.59
student_151,23/01/2023 10:49:36,11.62
student_146,23/01/2023 10:49:41,16.17
student_61,23/01/2023 10:49:50,12.72
student_126,23/01/2023 10:50:03,10.77
student_80,23/01/2023 10:50:10,17
student_191,23/01/2023 10:50:16,12.41
student_42,23/01/2023 10:50:30,9.33
student_35,23/01/2023 10:50:32,14.28
student_98,23/01/2023 10:50:34,9.51
student_91,23/01/2023 10:50:36,13.8
student_75,23/01/2023 10:50:36,10.92
student_55,23/01/2023 10:50:48,12.94
student_60,23/01/2023 10:50:49,9.13
student_52,23/01/2023 10:51:01,15.62
student_66,23/01/2023 10:51:07,11.29
student_155,23/01/2023 10:51:37,13.86
student_191,23/01/2023 10:51:49,9.99
student_148,23/01/2023 10:51:52,12.97
student_184,23/01/2023 10:51:55,9.16
student_43,23/01/2023 10:51:57,9.19
student_150,23/01/2023 10:51:57,10.04
student_148,23/01/2023 10:52:01,12.83
student_44,23/01/2023 10:52:04,10.08
student_89,23/01/2023 10:52:06,9.07
student_15,23/01/2023 10:52:22,7.69
student_164,23/01/2023 10:52:49,12.91
student_119,23/01/2023 10:52:53,7.7
student_117,23/01/2023 10:53:01,14.78
student_35,23/01/2023 10:53:11,11.27
student_171,23/01/2023 10:53:24,8.29
student_184,23/01/2023 10:53:28,10.35
student_61,23/01/2023 10:53:30,8.54
student_65,23/01/2023 10:53:36,10.83
student_127,23/01/2023 10:53:40,12.31
student_42,23/01/2023 10:53:44,8.09
student_148,23/01/2023 10:53:51,13.96
student_98,23/01/2023 10:53:59,15.91
student_193,23/01/2023 10:54:02,16.54
student_66,23/01/2023 10:54:02,10.52
student_7,23/01/2023 10:54:08,8.21
student_50,23/01/2023 10:54:23,13.93
student_94,23/01/2023 10:54:24,14.89
student_164,23/01/2023 10:54:36,13.81
student_115,23/01/2023 10:54:43,9.43
student_119,23/01/2023 10:54:52,15.26
student_193,23/01/2023 10:54:55,9.88
student_12,23/01/2023 10:55:01,9.31
student_107,23/01/2023 10:55:07,9.59
student_94,23/01/2023 10:55:25,11.21
student_122,23/01/2023 10:55:25,10.34
student_148,23/01/2023 10:55:27,9.85
student_196,23/01/2023 10:55:29,10.09
student_141,23/01/2023 10:55:29,12.71
student_37,23/01/2023 10:55:29,15.23
student_126,23/01/2023 10:55:30,14.56
student_161,23/01/2023 10:55:31,14.31
student_68,23/01/2023 10:55:31,12.42
student_108,23/01/2023 10:55:38,13.51
student_164,23/01/2023 10:55:47,7.69
student_117,23/01/2023 10:55:50,8.58
student_41,23/01/2023 10:55:50,10.89
student_37,23/01/2023 10:55:55,12.94
student_137,23/01/2023 10:56:11,11.17
student_61,23/01/2023 10:56:19,9.97
student_151,23/01/2023 10:56:20,14.65
student_23,23/01/2023 10:56:24,13.93
student_83,23/01/2023 10:56:25,9.04
student_75,23/01/2023 10:56:33,14.5
student_60,23/01/2023 10:56:37,10.26
student_171,23/01/2023 10:56:37,9.02
student_90,23/01/2023 10:56:38,12.17
student_180,23/01/2023 10:56:49,16.62
student_126,23/01/2023 10:56:51,14.7
student_104,23/01/2023 10:57:01,13.65
student_133,23/01/2023 10:57:07,10.57
student_160,23/01/2023 10:57:07,13.05
student_120,23/01/2023 10:57:15,15.18
student_149,23/01/2023 10:57:22,9.27
student_65,23/01/2023 10:57:26,10.58
student_50,23/01/2023 10:57:31,10.16
student_61,23/01/2023 10:57:40,12.65
student_80,23/01/2023 10:57:53,16.26
student_36,23/01/2023 10:58:14,10.17
student_106,23/01/2023 10:58:19,8.69
student_19,23/01/2023 10:58:25,9.66
student_19,23/01/2023 10:58:26,13.76
student_126,23/01/2023 10:58:28,12.07
student_143,23/01/2023 10:58:36,13.81
student_24,23/01/2023 10:58:36,12.26
student_126,23/01/2023 10:58:46,13.24
student_30,23/01/2023 10:58:49,14.03
student_1,23/01/2023 10:58:52,12.72
student_128,23/01/2023 10:58:56,12.77
student_33,23/01/2023 10:59:04,11.27
student_60,23/01/2023 10:59:06,16.24
student_63,23/01/2023 10:59:08,12.91
student_136,23/01/2023 10:59:09,16.79
student_8,23/01/2023 10:59:17,14.51
student_152,23/01/2023 10:59:20,15.76
student_48,23/01/2023 10:59:31,12.36
student_109,23/01/2023 10:59:34,14.03
student_142,23/01/2023 10:59:36,14.96
student_93,23/01/2023 10:59:37,8.36
student_67,23/01/2023 10:59:41,10.28
student_190,23/01/2023 10:59:44,10.8
student_101,23/01/2023 10:59:56,13.21
student_46,23/01/2023 10:59:59,16.19
student_180,23/01/2023 11:00:04,16.24
student_105,23/01/2023 11:00:20,15.59
student_42,23/01/2023 11:00:34,16.97
student_50,23/01/2023 11:00:35,8.39
student_115,23/01/2023 11:00:35,12.43
student_59,23/01/2023 11:00:37,7.65
student_197,23/01/2023 11:00:37,14.68
student_154,23/01/2023 11:00:41,13.93
student_18,23/01/2023 11:00:51,13.83
student_154,23/01/2023 11:01:01,13.6
student_82,23/01/2023 11:01:07,12.31
student_96,23/01/2023 11:01:07,13.25
student_30,23/01/2023 11:01:20,13.72
student_81,23/01/2023 11:01:35,8.22
student_136,23/01/2023 11:01:44,15.64
student_30,23/01/2023 11:01:49,9.24
student_196,23/01/2023 11:02:00,9.71
student_83,23/01/2023 11:02:02,12.73
student_80,23/01/2023 11:02:05,11.55
student_149,23/01/2023 11:02:06,14.13
student_197,23/01/2023 11:02:13,7.9
student_159,23/01/2023 11:02:15,12.46
student_169,23/01/2023 11:02:15,9.54
student_137,23/01/2023 11:02:25,16.5
student_106,23/01/2023 11:02:33,9.35
student_43,23/01/2023 11:02:40,11.92
student_165,23/01/2023 11:02:41,10.84
student_27,23/01/2023 11:02:41,12.65
student_104,23/01/2023 11:02:58,11.06
student_171,23/01/2023 11:03:09,13.44
student_61,23/01/2023 11:03:22,11.03
student_123,23/01/2023 11:03:26,11.58
student_200,23/01/2023 11:03:34,13.12
student_95,23/01/2023 11:03:44,7.6
student_35,23/01/2023 11:03:54,10.62
student_158,23/01/2023 11:03:54,10.87
student_109,23/01/2023 11:04:19,8.38
student_93,23/01/2023 11:04:27,13.46
student_18,23/01/2023 11:04:35,8.65
student_6,23/01/2023 11:04:48,14.59
student_45,23/01/2023 11:04:49,12.27
student_27,23/01/2023 11:04:51,10.37
student_139,23/01/2023 11:04:56,15.68
student_38,23/01/2023 11:04:58,12.83
student_30,23/01/2023 11:05:01,12.8
student_155,23/01/2023 11:05:04,12.83
student_198,23/01/2023 11:05:04,12.58
student_132,23/01/2023 11:05:12,10.31
student_37,23/01/2023 11:05:18,14.69
student_41,23/01/2023 11:05:20,11.27
student_46,23/01/2023 11:05:21,13.93
student_147,23/01/2023 11:05:22,10.67
student_64,23/01/2023 11:05:26,11
student_40,23/01/2023 11:05:38,16.98
student_64,23/01/2023 11:05:47,10.52
student_202,23/01/2023 11:05:52,9.61
student_61,23/01/2023 11:05:53,12.04
student_80,23/01/2023 11:05:54,14.86
student_200,23/01/2023 11:05:57,9.39
student_184,23/01/2023 11:05:59,14.01
student_5,23/01/2023 11:06:05,15.67
student_66,23/01/2023 11:06:06,11.44
student_69,23/01/2023 11:06:08,8.68
student_107,23/01/2023 11:06:15,12.34
student_126,23/01/2023 11:06:16,14.11
student_109,23/01/2023 11:06:19,8.04
student_127,23/01/2023 11:06:19,12.88
student_165,23/01/2023 11:06:22,8.61
student_18,23/01/2023 11:06:23,10.61
student_50,23/01/2023 11:06:30,9.33
student_54,23/01/2023 11:06:31,16.84
student_85,23/01/2023 11:06:44,14.87
student_75,23/01/2023 11:06:47,16.1
student_89,23/01/2023 11:06:47,13.84
student_181,23/01/2023 11:07:01,7.95
student_139,23/01/2023 11:07:07,11.99
student_8,23/01/2023 11:07:08,12.65
student_176,23/01/2023 11:07:14,11.99
student_55,23/01/2023 11:07:15,12.45
student_27,23/01/2023 11:07:15,12.89
student_198,23/01/2023 11:07:19,9.54
student_164,23/01/2023 11:07:21,9.3
student_85,23/01/2023 11:07:24,12.47
student_38,23/01/2023 11:07:33,12.11
student_107,23/01/2023 11:07:34,7.73
student_159,23/01/2023 11:07:37,10.32
student_44,23/01/2023 11:07:50,14.86
student_98,23/01/2023 11:07:50,11.56
student_170,23/01/2023 11:07:55,9.6
student_98,23/01/2023 11:08:01,16.44
student_26,23/01/2023 11:08:03,12.35
student_133,23/01/2023 11:08:06,11.7
student_192,23/01/2023 11:08:09,12.4
student_87,23/01/2023 11:08:28,9.51
student_169,23/01/2023 11:08:31,11.44
student_165,23/01/2023 11:08:36,11.53
student_80,23/01/2023 11:08:38,15.56
student_169,23/01/2023 11:08:40,11.58
student_131,23/01/2023 11:08:46,8.98
student_139,23/01/2023 11:09:10,13.31
student_128,23/01/2023 11:09:18,12.86
student_80,23/01/2023 11:09:30,15.62
student_128,23/01/2023 11:09:39,13.88
student_91,23/01/2023 11:09:42,14.25
student_54,23/01/2023 11:09:42,14.05
student_104,23/01/2023 11:09:43,11.95
student_44,23/01/2023 11:09:43,15.75
student_42,23/01/2023 11:09:46,7.8
student_42,23/01/2023 11:09:47,9.95
student_148,23/01/2023 11:09:58,7.81
student_44,23/01/2023 11:10:00,8.37
student_180,23/01/2023 11:10:12,11.65
student_96,23/01/2023 11:10:14,13.98
student_149,23/01/2023 11:10:19,8.85
student_168,23/01/2023 11:10:19,13.2
student_35,23/01/2023 11:10:22,14.29
student_9,23/01/2023 11:10:35,16.15
student_88,23/01/2023 11:10:35,14.73
student_59,23/01/2023 11:10:55,9.81
student_1,23/01/2023 11:10:55,9.93
student_164,23/01/2023 11:10:59,12.71
student_174,23/01/2023 11:10:59,12.42
student_164,23/01/2023 11:11:03,12.29
student_92,23/01/2023 11:11:05,12.19
student_53,23/01/2023 11:11:21,9.88
student_153,23/01/2023 11:11:29,9.62
student_193,23/01/2023 11:11:31,15.04
student_190,23/01/2023 11:11:37,8.47
student_201,23/01/2023 11:11:38,15.38
student_78,23/01/2023 11:11:38,14.04
student_78,23/01/2023 11:11:40,11.27
student_150,23/01/2023 11:11:42,10.45
student_139,23/01/2023 11:11:53,13.46
student_60,23/01/2023 11:11:54,9.85
student_191,23/01/2023 11:11:56,15.88
student_126,23/01/2023 11:12:07,12.47
student_18,23/01/2023 11:12:10,14.94
student_43,23/01/2023 11:12:13,7.62
student_189,23/01/2023 11:12:15,9.54
student_37,23/01/2023 11:12:16,9.6
student_15,23/01/2023 11:12:22,12.72
student_154,23/01/2023 11:12:22,9.47
student_94,23/01/2023 11:12:31,10.32
student_44,23/01/2023 11:12:33,14.5
student_61,23/01/2023 11:12:36,14.73
student_19,23/01/2023 11:12:38,9.8
student_107,23/01/2023 11:12:40,11.18
student_37,23/01/2023 11:12:40,9.74
student_107,23/01/2023 11:12:47,14.76
student_31,23/01/2023 11:12:48,10.31
student_107,23/01/2023 11:12:49,7.43
student_153,23/01/2023 11:12:49,11.53
student_159,23/01/2023 11:12:56,13.37
student_92,23/01/2023 11:12:59,9.15
student_168,23/01/2023 11:12:59,7.44
student_69,23/01/2023 11:13:06,11.05
student_68,23/01/2023 11:13:14,10.84
student_50,23/01/2023 11:13:15,12.34
student_118,23/01/2023 11:13:17,16.29
student_157,23/01/2023 11:13:24,10.49
student_94,23/01/2023 11:13:24,12.63
student_25,23/01/2023 11:13:26,6.53
student_120,23/01/2023 11:13:29,8.8
student_183,23/01/2023 11:13:30,10.94
student_184,23/01/2023 11:13:35,12.87
student_50,23/01/2023 11:13:40,8.85
student_101,23/01/2023 11:13:42,13.82
student_109,23/01/2023 11:13:43,15.09
student_12,23/01/2023 11:13:43,11.96
student_98,23/01/2023 11:13:55,7.76
student_29,23/01/2023 11:14:00,14.99
student_80,23/01/2023 11:14:19,10.42
student_55,23/01/2023 11:14:20,8.56
student_55,23/01/2023 11:14:21,13.02
student_172,23/01/2023 11:14:26,8.4
student_58,23/01/2023 11:14:34,15.89
student_171,23/01/2023 11:14:35,8.61
student_118,23/01/2023 11:14:43,10.57
student_109,23/01/2023 11:14:51,15.58
student_72,23/01/2023 11:14:55,9.89
student_2,23/01/2023 11:14:57,9.58
student_148,23/01/2023 11:15:00,8.6
student_38,23/01/2023 11:15:02,12.46
student_154,23/01/2023 11:15:12,13.32
student_155,23/01/2023 11:15:23,13.84
student_158,23/01/2023 11:15:25,11.05
student_94,23/01/2023 11:15:37,13.46
student_113,23/01/2023 11:15:39,13.87
student_143,23/01/2023 11:15:43,13.8
student_195,23/01/2023 11:15:47,12.19
student_43,23/01/2023 11:15:54,10.83
student_135,23/01/2023 11:16:02,12.73
student_61,23/01/2023 11:16:08,11.15
student_181,23/01/2023 11:16:15,17.71
student_148,23/01/2023 11:16:15,8.85
student_126,23/01/2023 11:16:21,15.75
student_126,23/01/2023 11:16:26,13.14
student_80,23/01/2023 11:16:30,7.79
student_42,23/01/2023 11:16:39,12.96
student_184,23/01/2023 11:16:41,10.01
student_171,23/01/2023 11:16:47,15.11
student_14,23/01/2023 11:16:49,13.2
student_99,23/01/2023 11:16:52,17.24
student_62,23/01/2023 11:16:55,14.36
student_99,23/01/2023 11:17:00,10.9
student_42,23/01/2023 11:17:00,12.25
student_85,23/01/2023 11:17:02,8.93
student_108,23/01/2023 11:17:04,13.07
student_55,23/01/2023 11:17:05,8.66
student_158,23/01/2023 11:17:06,10.85
student_15,23/01/2023 11:17:07,13.71
student_89,23/01/2023 11:17:12,13.19
student_80,23/01/2023 11:17:20,10.09
student_148,23/01/2023 11:17:21,14.18
student_149,23/01/2023 11:17:25,10.32
student_49,23/01/2023 11:17:26,9.5
student_14,23/01/2023 11:17:26,9.45
student_15,23/01/2023 11:17:35,13.1
student_176,23/01/2023 11:17:38,15.28
student_21,23/01/2023 11:17:42,7.12
student_111,23/01/2023 11:17:44,11.9
student_49,23/01/2023 11:17:51,11.93
student_183,23/01/2023 11:18:16,9.76
student_80,23/01/2023 11:18:24,8.88
student_144,23/01/2023 11:18:32,10.21
student_184,23/01/2023 11:18:37,13.97
student_27,23/01/2023 11:18:38,14.53
student_171,23/01/2023 11:18:40,13.6
student_32,23/01/2023 11:18:45,16.45
student_98,23/01/2023 11:18:46,15.29
student_148,23/01/2023 11:18:46,11.33
student_103,23/01/2023 11:18:46,12
student_188,23/01/2023 11:18:48,9.56
student_157,23/01/2023 11:18:50,15.64
student_195,23/01/2023 11:18:53,12.2
student_196,23/01/2023 11:18:53,10.03
student_137,23/01/2023 11:18:57,14.22
student_173,23/01/2023 11:18:57,13.53
student_177,23/01/2023 11:18:58,11.71
student_162,23/01/2023 11:19:02,9.4
student_19,23/01/2023 11:19:03,15.26
student_60,23/01/2023 11:19:03,7.3
student_30,23/01/2023 11:19:08,12.09
student_69,23/01/2023 11:19:13,12.27
student_15,23/01/2023 11:19:18,11.28
student_79,23/01/2023 11:19:21,14.27
student_37,23/01/2023 11:19:23,12
student_90,23/01/2023 11:19:25,9.53
student_88,23/01/2023 11:19:26,10.52
student_162,23/01/2023 11:19:31,17.26
student_55,23/01/2023 11:19:40,7.9
student_3,23/01/2023 11:19:40,10.1
student_123,23/01/2023 11:19:45,9.57
student_38,23/01/2023 11:19:46,11.98
student_2,23/01/2023 11:19:54,10.33
student_69,23/01/2023 11:19:56,8.02
student_92,23/01/2023 11:20:03,16.11
student_75,23/01/2023 11:20:09,9.68
student_55,23/01/2023 11:20:10,7.3
student_193,23/01/2023 11:20:10,11.56
student_140,23/01/2023 11:20:13,13.57
student_55,23/01/2023 11:20:13,11.55
student_154,23/01/2023 11:20:13,8.14
student_109,23/01/2023 11:20:14,12.22
student_94,23/01/2023 11:20:15,12.99
student_164,23/01/2023 11:20:20,15.69
student_100,23/01/2023 11:20:25,12.9
student_50,23/01/2023 11:20:26,14.89
student_169,23/01/2023 11:20:31,9.35
student_122,23/01/2023 11:20:32,13.62
student_99,23/01/2023 11:20:35,15.15
student_198,23/01/2023 11:20:41,9.6
student_172,23/01/2023 11:20:41,12.28
student_1,23/01/2023 11:20:42,12.28
student_107,23/01/2023 11:20:55,12.52
student_37,23/01/2023 11:20:58,15.08
student_65,23/01/2023 11:20:58,10.56
student_186,23/01/2023 11:21:04,8.27
student_178,23/01/2023 11:21:05,11.02
student_118,23/01/2023 11:21:09,10.16
student_152,23/01/2023 11:21:10,10.21
student_154,23/01/2023 11:21:17,11.98
student_19,23/01/2023 11:21:18,13.19
student_150,23/01/2023 11:21:18,11.85
student_142,23/01/2023 11:21:23,14.31
student_97,23/01/2023 11:21:24,11.68
student_180,23/01/2023 11:21:25,7.67
student_150,23/01/2023 11:21:33,15.33
student_108,23/01/2023 11:21:42,13.78
student_100,23/01/2023 11:21:45,8.39
student_164,23/01/2023 11:21:48,13.53
student_104,23/01/2023 11:21:49,9.78
student_118,23/01/2023 11:21:51,13.34
student_89,23/01/2023 11:21:52,11.36
student_150,23/01/2023 11:21:52,14.19
student_173,23/01/2023 11:21:54,15.73
student_181,23/01/2023 11:21:58,9.97
student_50,23/01/2023 11:22:02,8.75
student_130,23/01/2023 11:22:06,13.77
student_201,23/01/2023 11:22:09,7.73
student_50,23/01/2023 11:22:11,11.66
student_15,23/01/2023 11:22:13,14.55
student_148,23/01/2023 11:22:19,15.46
student_193,23/01/2023 11:22:22,13.03
student_32,23/01/2023 11:22:32,16.15
student_169,23/01/2023 11:22:39,13.58
student_169,23/01/2023 11:22:39,14.1
student_44,23/01/2023 11:22:43,9.09
student_37,23/01/2023 11:22:47,9.86
student_28,23/01/2023 11:22:47,9.42
student_104,23/01/2023 11:22:49,14.34
student_149,23/01/2023 11:22:52,15.42
student_71,23/01/2023 11:22:52,9.36
student_101,23/01/2023 11:22:59,11.63
student_21,23/01/2023 11:23:00,8.72
student_109,23/01/2023 11:23:08,11.97
student_64,23/01/2023 11:23:14,9.43
student_17,23/01/2023 11:23:14,9.7
student_90,23/01/2023 11:23:14,10.39
student_86,23/01/2023 11:23:16,13.94
student_36,23/01/2023 11:23:19,10.44
student_118,23/01/2023 11:23:19,13.03
student_58,23/01/2023 11:23:19,9.1
student_91,23/01/2023 11:23:21,12.05
student_104,23/01/2023 11:23:27,11.24
student_54,23/01/2023 11:23:28,8.28
student_156,23/01/2023 11:23:32,15.33
student_83,23/01/2023 11:23:32,8.07
student_157,23/01/2023 11:23:34,12.38
student_155,23/01/2023 11:23:35,12.01
student_202,23/01/2023 11:23:35,11.95
student_121,23/01/2023 11:23:39,10.01
student_172,23/01/2023 11:23:43,12.33
student_122,23/01/2023 11:23:52,12.43
student_6,23/01/2023 11:23:56,13.88
student_80,23/01/2023 11:23:58,14.99
student_154,23/01/2023 11:23:58,13.01
student_126,23/01/2023 11:23:59,15.1
student_32,23/01/2023 11:24:00,11.34
student_104,23/01/2023 11:24:02,13.37
student_52,23/01/2023 11:24:04,12.54
student_104,23/01/2023 11:24:08,7.34
student_19,23/01/2023 11:24:09,10.3
student_103,23/01/2023 11:24:33,14.7
student_155,23/01/2023 11:24:35,12.44
student_10,23/01/2023 11:24:36,14.97
student_150,23/01/2023 11:24:36,10.53
student_193,23/01/2023 11:24:37,8.63
student_78,23/01/2023 11:24:39,14.82
student_71,23/01/2023 11:24:48,12.31
student_61,23/01/2023 11:24:48,14.36
student_97,23/01/2023 11:24:54,11.61
student_169,23/01/2023 11:24:56,15.2
student_38,23/01/2023 11:24:59,11.14
student_34,23/01/2023 11:25:05,12.91
student_110,23/01/2023 11:25:06,13.52
student_10,23/01/2023 11:25:06,6.79
student_107,23/01/2023 11:25:07,13.63
student_198,23/01/2023 11:25:08,14.89
student_37,23/01/2023 11:25:14,14.73
student_169,23/01/2023 11:25:21,10.71
student_126,23/01/2023 11:25:23,13.45
student_86,23/01/2023 11:25:26,12.61
student_193,23/01/2023 11:25:27,10.28
student_169,23/01/2023 11:25:33,11.62
student_54,23/01/2023 11:25:35,12.32
student_2,23/01/2023 11:25:38,13.8
student_15,23/01/2023 11:25:43,9.95
student_164,23/01/2023 11:25:44,7.85
student_66,23/01/2023 11:25:47,11.57
student_55,23/01/2023 11:25:51,16.19
student_37,23/01/2023 11:25:52,10.79
student_126,23/01/2023 11:25:52,10.44
student_120,23/01/2023 11:25:54,14.62
student_104,23/01/2023 11:25:58,15.58
student_50,23/01/2023 11:26:01,8.75
student_178,23/01/2023 11:26:01,7.33
student_106,23/01/2023 11:26:01,14.65
student_117,23/01/2023 11:26:04,16.98
student_109,23/01/2023 11:26:04,8.39
student_143,23/01/2023 11:26:18,11.63
student_126,23/01/2023 11:26:30,11.78
student_31,23/01/2023 11:26:31,15.32
student_28,23/01/2023 11:26:33,12.62
student_2,23/01/2023 11:26:34,11.69
student_195,23/01/2023 11:26:34,15.1
student_107,23/01/2023 11:26:37,10.46
student_191,23/01/2023 11:26:38,12.33
student_65,23/01/2023 11:26:38,16.14
student_174,23/01/2023 11:26:39,11.69
student_73,23/01/2023 11:26:41,15.11
student_54,23/01/2023 11:26:48,10.71
student_184,23/01/2023 11:26:50,10.47
student_186,23/01/2023 11:26:53,9.72
student_91,23/01/2023 11:26:56,10.24
student_98,23/01/2023 11:26:58,15.61
student_170,23/01/2023 11:27:03,14.08
student_27,23/01/2023 11:27:03,13.02
student_27,23/01/2023 11:27:04,11.97
student_191,23/01/2023 11:27:04,13.89
student_98,23/01/2023 11:27:04,12.58
student_130,23/01/2023 11:27:05,14.29
student_98,23/01/2023 11:27:08,13.1
student_159,23/01/2023 11:27:09,10.17
student_106,23/01/2023 11:27:12,10.87
student_15,23/01/2023 11:27:17,9.45
student_152,23/01/2023 11:27:18,15.09
student_19,23/01/2023 11:27:18,10.69
student_76,23/01/2023 11:27:20,12.26
student_174,23/01/2023 11:27:21,9.62
student_57,23/01/2023 11:27:21,14.54
student_61,23/01/2023 11:27:22,11.15
student_159,23/01/2023 11:27:23,17.11
student_21,23/01/2023 11:27:24,15.69
student_88,23/01/2023 11:27:25,13.58
student_193,23/01/2023 11:27:29,9.44
student_185,23/01/2023 11:27:30,7.66
student_73,23/01/2023 11:27:31,12.3
student_184,23/01/2023 11:27:34,11.41
student_94,23/01/2023 11:27:34,13.25
student_113,23/01/2023 11:27:36,8.48
student_62,23/01/2023 11:27:36,10.7
student_107,23/01/2023 11:27:41,15.58
student_191,23/01/2023 11:27:45,8.04
student_50,23/01/2023 11:27:46,15.57
student_176,23/01/2023 11:27:49,10.2
student_150,23/01/2023 11:27:52,11.99
student_154,23/01/2023 11:27:54,8.95
student_164,23/01/2023 11:27:54,9.78
student_8,23/01/2023 11:27:54,12.95
student_131,23/01/2023 11:27:56,12.71
student_154,23/01/2023 11:27:57,14.52
student_164,23/01/2023 11:28:00,8.22
student_175,23/01/2023 11:28:01,10.83
student_155,23/01/2023 11:28:04,12.07
student_80,23/01/2023 11:28:05,13.41
student_80,23/01/2023 11:28:08,12.55
student_5,23/01/2023 11:28:09,11.17
student_59,23/01/2023 11:28:12,7.94
student_163,23/01/2023 11:28:14,10.08
student_145,23/01/2023 11:28:23,14.65
student_44,23/01/2023 11:28:27,13.63
student_54,23/01/2023 11:28:28,12.6
student_185,23/01/2023 11:28:35,9.02
student_11,23/01/2023 11:28:37,14.28
student_19,23/01/2023 11:28:39,15.27
student_55,23/01/2023 11:28:41,14.75
student_155,23/01/2023 11:28:42,12.61
student_172,23/01/2023 11:28:43,13.63
student_55,23/01/2023 11:28:45,11.39
student_126,23/01/2023 11:28:49,11.14
student_185,23/01/2023 11:28:50,13.37
student_155,23/01/2023 11:28:52,11.61
student_102,23/01/2023 11:28:55,10.99
student_22,23/01/2023 11:28:57,9.66
student_180,23/01/2023 11:28:58,9.3
student_154,23/01/2023 11:29:00,12.66
student_61,23/01/2023 11:29:02,8.89
student_44,23/01/2023 11:29:03,9.93
student_74,23/01/2023 11:29:04,16.57
student_37,23/01/2023 11:29:05,11.64
student_47,23/01/2023 11:29:07,15.01
student_130,23/01/2023 11:29:07,13.06
student_181,23/01/2023 11:29:09,13.6
student_164,23/01/2023 11:29:10,12.95
student_117,23/01/2023 11:29:10,8.73
student_67,23/01/2023 11:29:11,11.75
student_171,23/01/2023 11:29:11,14.68
student_126,23/01/2023 11:29:13,14.7
student_169,23/01/2023 11:29:19,10.88
student_122,23/01/2023 11:29:24,11.36
student_149,23/01/2023 11:29:27,9.93
student_40,23/01/2023 11:29:28,11.99
student_98,23/01/2023 11:29:31,9.69
student_176,23/01/2023 11:29:32,13.27
student_150,23/01/2023 11:29:33,8.26
student_83,23/01/2023 11:29:34,9.71
student_94,23/01/2023 11:29:35,9.75
student_94,23/01/2023 11:29:41,12.34
student_68,23/01/2023 11:29:43,9.42
student_94,23/01/2023 11:29:43,15.5
student_113,23/01/2023 11:29:44,15.52
student_108,23/01/2023 11:29:44,8.31
student_194,23/01/2023 11:29:49,9.71
student_137,23/01/2023 11:29:51,14.37
student_184,23/01/2023 11:29:53,15.08
student_113,23/01/2023 11:29:57,12.91
student_139,23/01/2023 11:30:00,14.16
student_19,23/01/2023 11:30:01,15.51
student_124,23/01/2023 11:30:07,13.43
student_193,23/01/2023 11:30:10,9.43
student_160,23/01/2023 11:30:13,13.41
student_7,23/01/2023 11:30:14,13.57
student_91,23/01/2023 11:30:16,16.34
student_118,23/01/2023 11:30:18,8.97
student_143,23/01/2023 11:30:20,9.18
student_50,23/01/2023 11:30:20,15.27
student_201,23/01/2023 11:30:26,9.26
student_43,23/01/2023 11:30:27,8.43
student_159,23/01/2023 11:30:27,13.53
student_186,23/01/2023 11:30:30,9.95
student_165,23/01/2023 11:30:30,9.02
student_100,23/01/2023 11:30:35,10.62
student_150,23/01/2023 11:30:36,16.69
student_94,23/01/2023 11:30:36,15.68
student_58,23/01/2023 11:30:37,14.54
student_15,23/01/2023 11:30:38,13.2
student_15,23/01/2023 11:30:41,15.15
student_98,23/01/2023 11:30:41,11.24
student_192,23/01/2023 11:30:43,9.69
student_61,23/01/2023 11:30:45,13.54
student_193,23/01/2023 11:30:46,8.76
student_121,23/01/2023 11:30:46,7.16
student_141,23/01/2023 11:30:47,9.47
student_44,23/01/2023 11:30:50,12.38
student_137,23/01/2023 11:30:53,9.88
student_98,23/01/2023 11:30:58,14.21
student_83,23/01/2023 11:30:58,14.72
student_61,23/01/2023 11:30:59,7.56
student_182,23/01/2023 11:31:00,9.9
student_70,23/01/2023 11:31:00,15.42
student_2,23/01/2023 11:31:02,9.01
student_50,23/01/2023 11:31:03,14.38
student_157,23/01/2023 11:31:07,12.56
student_200,23/01/2023 11:31:09,14.79
student_38,23/01/2023 11:31:12,11.25
student_57,23/01/2023 11:31:14,8.48
student_44,23/01/2023 11:31:16,12.91
student_164,23/01/2023 11:31:16,13.12
student_43,23/01/2023 11:31:17,15.07
student_154,23/01/2023 11:31:18,8.17
student_11,23/01/2023 11:31:20,11.05
student_74,23/01/2023 11:31:20,7.39
student_101,23/01/2023 11:31:21,16.95
student_31,23/01/2023 11:31:22,15.99
student_160,23/01/2023 11:31:24,13.35
student_191,23/01/2023 11:31:28,14.97
student_62,23/01/2023 11:31:29,13.1
student_104,23/01/2023 11:31:32,9.39
student_46,23/01/2023 11:31:36,9.89
student_67,23/01/2023 11:31:37,14.77
student_82,23/01/2023 11:31:41,12.33
student_155,23/01/2023 11:31:44,13.81
student_7,23/01/2023 11:31:46,13.86
student_184,23/01/2023 11:31:48,9.13
student_23,23/01/2023 11:31:55,11.96
student_126,23/01/2023 11:31:55,15.24
student_102,23/01/2023 11:31:55,13.76
student_149,23/01/2023 11:31:57,10.6
student_129,23/01/2023 11:31:58,11.06
student_77,23/01/2023 11:31:59,13.9
student_144,23/01/2023 11:32:02,10.93
student_19,23/01/2023 11:32:02,10.53
student_140,23/01/2023 11:32:04,11.38
student_66,23/01/2023 11:32:07,13.58
student_184,23/01/2023 11:32:08,15.59
student_81,23/01/2023 11:32:09,15.05
student_184,23/01/2023 11:32:15,14.01
student_59,23/01/2023 11:32:15,8.93
student_53,23/01/2023 11:32:16,9.31
student_6,23/01/2023 11:32:16,13.01
student_72,23/01/2023 11:32:17,9.95
student_164,23/01/2023 11:32:19,15.81
student_13,23/01/2023 11:32:19,10.06
student_37,23/01/2023 11:32:21,8.54
student_125,23/01/2023 11:32:22,13.59
student_139,23/01/2023 11:32:24,8.66
student_144,23/01/2023 11:32:27,11.39
student_50,23/01/2023 11:32:27,11.77
student_98,23/01/2023 11:32:27,11.93
student_164,23/01/2023 11:32:27,11
student_44,23/01/2023 11:32:29,13.53
student_55,23/01/2023 11:32:29,10.98
student_83,23/01/2023 11:32:32,10.92
student_89,23/01/2023 11:32:35,11.62
student_10,23/01/2023 11:32:35,14.07
student_57,23/01/2023 11:32:36,15.16
student_28,23/01/2023 11:32:37,15.8
student_123,23/01/2023 11:32:39,8.72
student_144,23/01/2023 11:32:41,13.14
student_98,23/01/2023 11:32:44,8.61
student_197,23/01/2023 11:32:45,11.64
student_82,23/01/2023 11:32:45,8.75
student_41,23/01/2023 11:32:48,15.35
student_198,23/01/2023 11:32:50,11.23
student_111,23/01/2023 11:32:58,12.81
student_198,23/01/2023 11:33:05,16.99
student_65,23/01/2023 11:33:14,13
student_141,23/01/2023 11:33:16,9.89
student_175,23/01/2023 11:33:25,9.68
student_156,23/01/2023 11:33:26,10.1
student_134,23/01/2023 11:33:26,13.03
student_58,23/01/2023 11:33:28,10.09
student_33,23/01/2023 11:33:29,14.56
student_86,23/01/2023 11:33:29,15.04
student_164,23/01/2023 11:33:30,12.22
student_143,23/01/2023 11:33:31,15.37
student_105,23/01/2023 11:33:32,6.93
student_47,23/01/2023 11:33:33,15.66
student_32,23/01/2023 11:33:37,8.88
student_7,23/01/2023 11:33:39,10.54
student_48,23/01/2023 11:33:41,8.73
student_154,23/01/2023 11:33:43,9.14
student_42,23/01/2023 11:33:44,9.85
student_42,23/01/2023 11:33:44,13.05
student_42,23/01/2023 11:33:44,8.08
student_22,23/01/2023 11:33:46,12.15
student_43,23/01/2023 11:33:46,9.68
student_157,23/01/2023 11:33:46,12.86
student_62,23/01/2023 11:33:50,12.13
student_15,23/01/2023 11:33:50,14.14
student_202,23/01/2023 11:33:52,9.35
student_95,23/01/2023 11:33:52,14.35
student_170,23/01/2023 11:33:53,14.58
student_50,23/01/2023 11:33:56,15.84
student_44,23/01/2023 11:33:56,16.43
student_171,23/01/2023 11:33:59,14.52
student_191,23/01/2023 11:34:00,15.02
student_140,23/01/2023 11:34:00,12.08
student_161,23/01/2023 11:34:00,14.57
student_142,23/01/2023 11:34:01,11.85
student_14,23/01/2023 11:34:07,15
student_36,23/01/2023 11:34:08,12.44
student_200,23/01/2023 11:34:11,10.13
student_170,23/01/2023 11:34:12,9.35
student_150,23/01/2023 11:34:13,11.07
student_5,23/01/2023 11:34:15,15.47
student_154,23/01/2023 11:34:15,15.21
student_24,23/01/2023 11:34:16,14.25
student_50,23/01/2023 11:34:20,15.69
student_180,23/01/2023 11:34:20,16.82
student_62,23/01/2023 11:34:23,9.43
student_178,23/01/2023 11:34:25,13.15
student_109,23/01/2023 11:34:25,15.77
student_98,23/01/2023 11:34:27,13.69
student_124,23/01/2023 11:34:36,8.29
student_151,23/01/2023 11:34:37,12.46
student_103,23/01/2023 11:34:38,14.1
student_42,23/01/2023 11:34:41,16.9
student_193,23/01/2023 11:34:41,13.61
student_166,23/01/2023 11:34:42,10.35
student_168,23/01/2023 11:34:42,13.63
student_87,23/01/2023 11:34:42,13.91
student_164,23/01/2023 11:34:42,8.92
student_59,23/01/2023 11:34:45,8.47
student_44,23/01/2023 11:34:48,8.59
student_184,23/01/2023 11:34:51,12.33
student_15,23/01/2023 11:34:51,16.17
student_102,23/01/2023 11:34:54,8.38
student_109,23/01/2023 11:34:55,14.2
student_184,23/01/2023 11:34:55,11.1
student_65,23/01/2023 11:34:59,11.85
student_157,23/01/2023 11:35:01,12.77
student_107,23/01/2023 11:35:04,16.18
student_104,23/01/2023 11:35:04,10.21
student_181,23/01/2023 11:35:07,13.39
student_149,23/01/2023 11:35:07,9.66
student_159,23/01/2023 11:35:11,7.98
student_44,23/01/2023 11:35:14,13.69
student_151,23/01/2023 11:35:17,11.84
student_186,23/01/2023 11:35:18,17
student_201,23/01/2023 11:35:18,9.88
student_98,23/01/2023 11:35:20,12.68
student_199,23/01/2023 11:35:22,10.3
student_19,23/01/2023 11:35:23,13.8
student_149,23/01/2023 11:35:25,16.35
student_150,23/01/2023 11:35:28,12.13
student_61,23/01/2023 11:35:35,12.8
student_191,23/01/2023 11:35:37,10.71
student_191,23/01/2023 11:35:38,13.32
student_145,23/01/2023 11:35:38,11.44
student_5,23/01/2023 11:35:40,12.28
student_70,23/01/2023 11:35:41,10.83
student_50,23/01/2023 11:35:46,11.74
student_94,23/01/2023 11:35:46,8.05
student_104,23/01/2023 11:35:46,11.28
student_61,23/01/2023 11:35:49,8.69
student_198,23/01/2023 11:35:50,7.12
student_15,23/01/2023 11:35:51,16.15
student_190,23/01/2023 11:35:51,12.8
student_56,23/01/2023 11:35:51,11.16
student_12,23/01/2023 11:35:54,14.91
student_172,23/01/2023 11:35:58,9.44
student_19,23/01/2023 11:36:04,13.45
student_182,23/01/2023 11:36:07,6.97
student_164,23/01/2023 11:36:07,12.75
student_188,23/01/2023 11:36:10,8.72
student_41,23/01/2023 11:36:12,12.55
student_98,23/01/2023 11:36:13,12.96
student_193,23/01/2023 11:36:13,13.72
student_151,23/01/2023 11:36:14,8.31
student_107,23/01/2023 11:36:16,7.28
student_4,23/01/2023 11:36:17,11.86
student_202,23/01/2023 11:36:19,14.38
student_192,23/01/2023 11:36:20,14.46
student_169,23/01/2023 11:36:24,11.37
student_185,23/01/2023 11:36:25,13.81
student_189,23/01/2023 11:36:27,16.32
student_49,23/01/2023 11:36:29,12.3
student_19,23/01/2023 11:36:29,16.8
student_148,23/01/2023 11:36:32,14.04
student_150,23/01/2023 11:36:36,14.44
student_78,23/01/2023 11:36:37,16.08
student_63,23/01/2023 11:36:41,14.34
student_164,23/01/2023 11:36:42,8.23
student_90,23/01/2023 11:36:52,15.88
student_123,23/01/2023 11:36:55,15.77
student_148,23/01/2023 11:36:56,13.34
student_156,23/01/2023 11:36:57,8.27
student_111,23/01/2023 11:36:58,11.4
student_42,23/01/2023 11:36:59,14.49
student_56,23/01/2023 11:37:00,8.36
student_104,23/01/2023 11:37:01,14.91
student_42,23/01/2023 11:37:02,16.1
student_93,23/01/2023 11:37:03,6.88
student_51,23/01/2023 11:37:05,16.55
student_158,23/01/2023 11:37:08,11.58
student_93,23/01/2023 11:37:08,6.43
student_19,23/01/2023 11:37:10,16.43
student_170,23/01/2023 11:37:10,10.6
student_75,23/01/2023 11:37:11,15.34
student_105,23/01/2023 11:37:15,12.48
student_43,23/01/2023 11:37:15,14.03
student_8,23/01/2023 11:37:16,9.13
student_104,23/01/2023 11:37:19,11.48
student_196,23/01/2023 11:37:20,14.56
student_15,23/01/2023 11:37:24,13.94
student_80,23/01/2023 11:37:26,12.17
student_31,23/01/2023 11:37:27,11.57
student_42,23/01/2023 11:37:27,8.46
student_11,23/01/2023 11:37:30,16.26
student_143,23/01/2023 11:37:31,14.05
student_30,23/01/2023 11:37:31,10.23
student_184,23/01/2023 11:37:31,13.9
student_151,23/01/2023 11:37:31,12.54
student_2,23/01/2023 11:37:32,9.44
student_104,23/01/2023 11:37:33,11.83
student_40,23/01/2023 11:37:33,11.63
student_93,23/01/2023 11:37:34,16.03
student_75,23/01/2023 11:37:38,7.19
student_62,23/01/2023 11:37:42,9.51
student_126,23/01/2023 11:37:42,13.57
student_71,23/01/2023 11:37:44,7.23
student_84,23/01/2023 11:37:46,15.16
student_131,23/01/2023 11:37:47,12.79
student_98,23/01/2023 11:37:48,15.05
student_162,23/01/2023 11:37:49,14.94
student_163,23/01/2023 11:37:50,10.23
student_157,23/01/2023 11:37:53,13.7
student_178,23/01/2023 11:37:53,10.95
student_198,23/01/2023 11:37:54,10.23
student_152,23/01/2023 11:37:56,13.05
student_29,23/01/2023 11:37:56,8.17
student_13,23/01/2023 11:38:00,12.84
student_141,23/01/2023 11:38:03,13.69
student_65,23/01/2023 11:38:03,9.61
student_34,23/01/2023 11:38:06,14.93
student_110,23/01/2023 11:38:07,15.85
student_25,23/01/2023 11:38:07,14.43
student_184,23/01/2023 11:38:11,8.95
student_107,23/01/2023 11:38:13,9.35
student_42,23/01/2023 11:38:14,11.03
student_191,23/01/2023 11:38:15,9.06
student_184,23/01/2023 11:38:15,14.54
student_1,23/01/2023 11:38:15,17.29
student_104,23/01/2023 11:38:16,13.17
student_31,23/01/2023 11:38:16,12.62
student_61,23/01/2023 11:38:17,14.03
student_61,23/01/2023 11:38:22,12.87
student_77,23/01/2023 11:38:22,12
student_106,23/01/2023 11:38:23,15.09
student_127,23/01/2023 11:38:23,12.73
student_72,23/01/2023 11:38:29,13.25
student_116,23/01/2023 11:38:30,8.73
student_62,23/01/2023 11:38:30,10.35
student_99,23/01/2023 11:38:32,13.35
student_92,23/01/2023 11:38:32,13.43
student_199,23/01/2023 11:38:37,8.34
student_166,23/01/2023 11:38:40,12.16
student_62,23/01/2023 11:38:42,10.88
student_154,23/01/2023 11:38:45,11.7
student_66,23/01/2023 11:38:45,6.87
student_24,23/01/2023 11:38:46,13.54
student_200,23/01/2023 11:38:47,10.24
student_75,23/01/2023 11:38:48,16.23
student_19,23/01/2023 11:38:53,8.5
student_193,23/01/2023 11:38:53,11.35
student_27,23/01/2023 11:38:53,8.73
student_183,23/01/2023 11:38:55,14.7
student_36,23/01/2023 11:38:56,15.31
student_154,23/01/2023 11:38:58,12.71
student_193,23/01/2023 11:38:59,14.65
student_157,23/01/2023 11:39:00,7.22
student_193,23/01/2023 11:39:02,10.18
student_67,23/01/2023 11:39:06,13.58
student_113,23/01/2023 11:39:07,12.45
student_44,23/01/2023 11:39:07,9.26
student_150,23/01/2023 11:39:09,12.11
student_154,23/01/2023 11:39:10,12.94
student_150,23/01/2023 11:39:13,11.13
student_7,23/01/2023 11:39:14,15.19
student_157,23/01/2023 11:39:14,10.6
student_107,23/01/2023 11:39:16,15.06
student_15,23/01/2023 11:39:17,9.34
student_21,23/01/2023 11:39:19,16.36
student_12,23/01/2023 11:39:29,13.08
student_100,23/01/2023 11:39:31,12.4
student_138,23/01/2023 11:39:31,9.45
student_62,23/01/2023 11:39:33,8.29
student_100,23/01/2023 11:39:34,13.79
student_42,23/01/2023 11:39:35,11.45
student_125,23/01/2023 11:39:36,10.65
student_171,23/01/2023 11:39:37,10.46
student_9,23/01/2023 11:39:38,13.44
student_72,23/01/2023 11:39:39,13.54
student_171,23/01/2023 11:39:42,14.56
student_198,23/01/2023 11:39:45,10.82
student_42,23/01/2023 11:39:49,16.03
student_41,23/01/2023 11:39:49,15.33
student_71,23/01/2023 11:39:52,10.4
student_107,23/01/2023 11:39:52,14.67
student_47,23/01/2023 11:39:54,12.27
student_15,23/01/2023 11:39:56,9.92
student_55,23/01/2023 11:39:56,14.97
student_148,23/01/2023 11:39:58,6.89
student_149,23/01/2023 11:40:01,14.42
student_149,23/01/2023 11:40:07,13.31
student_37,23/01/2023 11:40:08,15.97
student_50,23/01/2023 11:40:10,9.91
student_72,23/01/2023 11:40:12,13.35
student_107,23/01/2023 11:40:13,10.54
student_130,23/01/2023 11:40:15,11.1
student_15,23/01/2023 11:40:16,9.84
student_158,23/01/2023 11:40:19,15.87
student_110,23/01/2023 11:40:22,10.47
student_47,23/01/2023 11:40:23,13.51
student_188,23/01/2023 11:40:25,12.25
student_9,23/01/2023 11:40:26,11.97
student_193,23/01/2023 11:40:31,12.87
student_55,23/01/2023 11:40:31,10.85
student_169,23/01/2023 11:40:32,9.04
student_62,23/01/2023 11:40:32,11.49
student_156,23/01/2023 11:40:33,12.35
student_68,23/01/2023 11:40:35,7.81
student_167,23/01/2023 11:40:37,15.59
student_98,23/01/2023 11:40:41,7.46
student_167,23/01/2023 11:40:46,10.36
student_109,23/01/2023 11:40:49,10.8
student_7,23/01/2023 11:40:50,15.88
student_189,23/01/2023 11:40:50,11.56
student_52,23/01/2023 11:40:55,16.26
student_106,23/01/2023 11:40:55,9.61
student_44,23/01/2023 11:40:55,11.13
student_171,23/01/2023 11:40:56,12.89
student_138,23/01/2023 11:40:58,13.55
student_150,23/01/2023 11:40:59,12.39
student_58,23/01/2023 11:40:59,15.58
student_20,23/01/2023 11:41:02,11.11
student_16,23/01/2023 11:41:04,13.19
student_190,23/01/2023 11:41:04,9.29
student_109,23/01/2023 11:41:04,10.52
student_149,23/01/2023 11:41:06,11.54
student_102,23/01/2023 11:41:07,13.64
student_61,23/01/2023 11:41:09,15.44
student_51,23/01/2023 11:41:11,10.69
student_11,23/01/2023 11:41:14,11.3
student_37,23/01/2023 11:41:15,13.84
student_94,23/01/2023 11:41:15,14.54
student_197,23/01/2023 11:41:19,10.33
student_57,23/01/2023 11:41:29,13.98
student_168,23/01/2023 11:41:29,14.7
student_174,23/01/2023 11:41:37,15.35
student_71,23/01/2023 11:41:45,15.94
student_146,23/01/2023 11:41:46,13.69
student_177,23/01/2023 11:41:48,11.36
student_150,23/01/2023 11:41:50,12.14
student_176,23/01/2023 11:41:51,9.72
student_133,23/01/2023 11:41:53,13.08
student_80,23/01/2023 11:41:53,11.22
student_91,23/01/2023 11:41:59,11.35
student_157,23/01/2023 11:41:59,9.13
student_15,23/01/2023 11:42:00,9.5
student_95,23/01/2023 11:42:00,8.17
student_14,23/01/2023 11:42:01,8.59
student_30,23/01/2023 11:42:04,13.77
student_185,23/01/2023 11:42:08,13.72
student_21,23/01/2023 11:42:14,13.33
student_31,23/01/2023 11:42:15,11.17
student_93,23/01/2023 11:42:20,9.91
student_188,23/01/2023 11:42:21,8.91
student_17,23/01/2023 11:42:21,9.36
student_7,23/01/2023 11:42:23,13.43
student_198,23/01/2023 11:42:30,15.6
student_137,23/01/2023 11:42:34,7.79
student_149,23/01/2023 11:42:34,9.3
student_123,23/01/2023 11:42:35,14.54
student_190,23/01/2023 11:42:44,14.08
student_44,23/01/2023 11:42:45,16.64
student_148,23/01/2023 11:42:46,8.21
student_47,23/01/2023 11:42:47,10.11
student_17,23/01/2023 11:42:48,10.56
student_147,23/01/2023 11:42:50,15.08
student_30,23/01/2023 11:43:03,14.66
student_149,23/01/2023 11:43:03,12.71
student_173,23/01/2023 11:43:05,12.18
student_177,23/01/2023 11:43:05,11.81
student_23,23/01/2023 11:43:08,10.27
student_157,23/01/2023 11:43:08,12.39
student_193,23/01/2023 11:43:09,9.68
student_109,23/01/2023 11:43:09,9.66
student_181,23/01/2023 11:43:10,9.67
student_82,23/01/2023 11:43:15,10.53
student_164,23/01/2023 11:43:15,11.17
student_41,23/01/2023 11:43:18,12.24
student_55,23/01/2023 11:43:23,12.53
student_150,23/01/2023 11:43:25,8.94
student_15,23/01/2023 11:43:28,11.67
student_104,23/01/2023 11:43:29,12.35
student_152,23/01/2023 11:43:32,8.19
student_72,23/01/2023 11:43:34,12.42
student_128,23/01/2023 11:43:35,8.76
student_152,23/01/2023 11:43:38,13.24
student_37,23/01/2023 11:43:47,12.06
student_64,23/01/2023 11:43:47,7.17
student_46,23/01/2023 11:43:47,10.65
student_14,23/01/2023 11:43:49,11.93
student_61,23/01/2023 11:43:51,16.07
student_179,23/01/2023 11:43:52,9.47
student_21,23/01/2023 11:43:52,14.4
student_29,23/01/2023 11:43:52,10.12
student_200,23/01/2023 11:43:54,13.73
student_184,23/01/2023 11:43:57,10.01
student_202,23/01/2023 11:44:01,14.91
student_182,23/01/2023 11:44:03,14.62
student_44,23/01/2023 11:44:05,12.82
student_164,23/01/2023 11:44:10,7.12
student_202,23/01/2023 11:44:11,10.29
student_29,23/01/2023 11:44:12,11.4
student_82,23/01/2023 11:44:17,16.43
student_194,23/01/2023 11:44:18,9.61
student_96,23/01/2023 11:44:22,8.83
student_174,23/01/2023 11:44:26,13.61
student_150,23/01/2023 11:44:29,7.7
student_185,23/01/2023 11:44:31,14.86
student_196,23/01/2023 11:44:35,11.6
student_179,23/01/2023 11:44:36,8.88
student_118,23/01/2023 11:44:36,7.29
student_196,23/01/2023 11:44:38,9.78
student_44,23/01/2023 11:44:40,10.31
student_19,23/01/2023 11:44:43,14.98
student_50,23/01/2023 11:44:47,8.18
student_55,23/01/2023 11:44:49,10.09
student_94,23/01/2023 11:44:59,9.15
student_62,23/01/2023 11:44:59,17.75
student_63,23/01/2023 11:45:03,13.35
student_157,23/01/2023 11:45:03,14.97
student_62,23/01/2023 11:45:03,14.92
student_55,23/01/2023 11:45:09,15.9
student_126,23/01/2023 11:45:10,12.73
student_50,23/01/2023 11:45:13,7.74
student_164,23/01/2023 11:45:14,14.75
student_91,23/01/2023 11:45:15,12.64
student_17,23/01/2023 11:45:19,12.19
student_113,23/01/2023 11:45:21,13.76
student_174,23/01/2023 11:45:23,14.86
student_19,23/01/2023 11:45:25,14.52
student_80,23/01/2023 11:45:26,13.95
student_32,23/01/2023 11:45:26,11.8
student_166,23/01/2023 11:45:28,8.5
student_177,23/01/2023 11:45:28,14.07
student_117,23/01/2023 11:45:29,15.08
student_189,23/01/2023 11:45:30,10.63
student_155,23/01/2023 11:45:34,12.22
student_75,23/01/2023 11:45:34,12.23
student_85,23/01/2023 11:45:35,15.01
student_104,23/01/2023 11:45:36,14.32
student_177,23/01/2023 11:45:37,11.17
student_15,23/01/2023 11:45:38,15.96
student_166,23/01/2023 11:45:39,12.98
student_58,23/01/2023 11:45:39,14.94
student_157,23/01/2023 11:45:39,6.56
student_16,23/01/2023 11:45:40,7.98
student_165,23/01/2023 11:45:41,9.4
student_87,23/01/2023 11:45:43,11.02
student_50,23/01/2023 11:45:43,12.1
student_107,23/01/2023 11:45:45,14.78
student_148,23/01/2023 11:45:46,11.96
student_25,23/01/2023 11:45:46,13.85
student_61,23/01/2023 11:45:46,12.11
student_193,23/01/2023 11:45:47,15.08
student_151,23/01/2023 11:45:48,10.91
student_136,23/01/2023 11:45:49,14.12
student_150,23/01/2023 11:45:50,16.55
student_68,23/01/2023 11:45:52,13.04
student_107,23/01/2023 11:45:53,10.6
student_50,23/01/2023 11:45:54,7.26
student_8,23/01/2023 11:45:55,8.9
student_83,23/01/2023 11:45:56,15.26
student_2,23/01/2023 11:45:58,10.96
student_184,23/01/2023 11:45:58,9.48
student_51,23/01/2023 11:45:58,11.08
student_108,23/01/2023 11:45:58,8.5
student_44,23/01/2023 11:45:58,9.66
student_198,23/01/2023 11:46:01,13.4
student_120,23/01/2023 11:46:02,7.92
student_75,23/01/2023 11:46:06,9.54
student_96,23/01/2023 11:46:06,9.14
student_193,23/01/2023 11:46:10,7.63
student_126,23/01/2023 11:46:12,13.86
student_61,23/01/2023 11:46:13,11.14
student_193,23/01/2023 11:46:14,14.73
student_198,23/01/2023 11:46:15,14.05
student_44,23/01/2023 11:46:17,10.65
student_155,23/01/2023 11:46:18,10.51
student_150,23/01/2023 11:46:18,8.95
student_94,23/01/2023 11:46:19,12.96
student_129,23/01/2023 11:46:19,12.49
student_140,23/01/2023 11:46:20,9.84
student_155,23/01/2023 11:46:20,14.13
student_62,23/01/2023 11:46:26,7.28
student_58,23/01/2023 11:46:27,11.18
student_96,23/01/2023 11:46:28,14.6
student_191,23/01/2023 11:46:29,8.84
student_81,23/01/2023 11:46:30,15.38
student_130,23/01/2023 11:46:32,13.14
student_178,23/01/2023 11:46:32,13.24
student_48,23/01/2023 11:46:39,9.74
student_199,23/01/2023 11:46:41,12.45
student_199,23/01/2023 11:46:44,14.03
student_103,23/01/2023 11:46:48,11.06
student_186,23/01/2023 11:46:48,10.37
student_75,23/01/2023 11:46:50,9.92
student_114,23/01/2023 11:46:50,14.75
student_151,23/01/2023 11:46:50,9.41
student_55,23/01/2023 11:46:52,14.11
student_62,23/01/2023 11:46:53,9.4
student_85,23/01/2023 11:46:54,14.19
student_197,23/01/2023 11:46:55,10.14
student_193,23/01/2023 11:46:56,9.65
student_49,23/01/2023 11:46:57,9.55
student_87,23/01/2023 11:47:00,12.05
student_109,23/01/2023 11:47:04,14.92
student_11,23/01/2023 11:47:10,9.34
student_42,23/01/2023 11:47:10,14.77
student_37,23/01/2023 11:47:11,8.23
student_150,23/01/2023 11:47:16,15.09
student_74,23/01/2023 11:47:19,11.85
student_98,23/01/2023 11:47:19,14.58
student_154,23/01/2023 11:47:19,7.97
student_171,23/01/2023 11:47:20,12.07
student_153,23/01/2023 11:47:22,9.33
student_186,23/01/2023 11:47:25,12.14
student_155,23/01/2023 11:47:26,9.03
student_104,23/01/2023 11:47:27,11.71
student_49,23/01/2023 11:47:28,11.98
student_28,23/01/2023 11:47:28,8.07
student_115,23/01/2023 11:47:34,15.43
student_25,23/01/2023 11:47:35,12.51
student_54,23/01/2023 11:47:37,9.72
student_37,23/01/2023 11:47:38,13.95
student_75,23/01/2023 11:47:38,14.26
student_137,23/01/2023 11:47:38,15.93
student_112,23/01/2023 11:47:39,10.69
student_184,23/01/2023 11:47:39,9.48
student_15,23/01/2023 11:47:40,15.05
student_73,23/01/2023 11:47:40,9.46
student_183,23/01/2023 11:47:40,11.18
student_189,23/01/2023 11:47:41,11.07
student_137,23/01/2023 11:47:45,7.78
student_19,23/01/2023 11:47:46,16.02
student_173,23/01/2023 11:47:46,10.33
student_116,23/01/2023 11:47:47,14.13
student_160,23/01/2023 11:47:48,8.58
student_17,23/01/2023 11:47:50,11.41
student_105,23/01/2023 11:47:53,13.37
student_55,23/01/2023 11:47:53,14.87
student_149,23/01/2023 11:47:53,12.27
student_66,23/01/2023 11:47:54,16.22
student_10,23/01/2023 11:47:56,13.99
student_169,23/01/2023 11:47:58,8.55
student_156,23/01/2023 11:47:59,15.78
student_157,23/01/2023 11:47:59,13.68
student_160,23/01/2023 11:47:59,14.15
student_169,23/01/2023 11:48:00,10.54
student_55,23/01/2023 11:48:00,10.3
student_104,23/01/2023 11:48:01,15.13
student_105,23/01/2023 11:48:01,7.74
student_69,23/01/2023 11:48:05,12.31
student_101,23/01/2023 11:48:08,14.5
student_38,23/01/2023 11:48:08,7.69
student_4,23/01/2023 11:48:09,12.53
student_34,23/01/2023 11:48:10,10.74
student_5,23/01/2023 11:48:11,8.08
student_29,23/01/2023 11:48:12,13.73
student_42,23/01/2023 11:48:14,13.9
student_136,23/01/2023 11:48:16,9.62
student_139,23/01/2023 11:48:22,9.67
student_62,23/01/2023 11:48:22,10.28
student_15,23/01/2023 11:48:23,15.75
student_124,23/01/2023 11:48:24,12.22
student_125,23/01/2023 11:48:25,12.16
student_94,23/01/2023 11:48:25,10.44
student_189,23/01/2023 11:48:27,15.36
student_91,23/01/2023 11:48:27,12.02
student_20,23/01/2023 11:48:30,7.93
student_50,23/01/2023 11:48:31,14.96
student_15,23/01/2023 11:48:32,14.15
student_169,23/01/2023 11:48:32,11.42
student_92,23/01/2023 11:48:33,9.17
student_62,23/01/2023 11:48:34,13.94
student_18,23/01/2023 11:48:36,13.02
student_131,23/01/2023 11:48:37,14.5
student_133,23/01/2023 11:48:38,8.69
student_128,23/01/2023 11:48:39,14.44
student_119,23/01/2023 11:48:39,15.09
student_198,23/01/2023 11:48:40,11.78
student_64,23/01/2023 11:48:40,8.09
student_193,23/01/2023 11:48:40,14.35
student_37,23/01/2023 11:48:41,15.14
student_44,23/01/2023 11:48:43,11.57
student_104,23/01/2023 11:48:43,16.25
student_19,23/01/2023 11:48:43,9.36
student_62,23/01/2023 11:48:45,12.6
student_19,23/01/2023 11:48:46,11.78
student_198,23/01/2023 11:48:46,12.99
student_37,23/01/2023 11:48:46,14.32
student_201,23/01/2023 11:48:49,15.84
student_164,23/01/2023 11:48:51,12.42
student_107,23/01/2023 11:48:51,14.87
student_176,23/01/2023 11:48:52,13.41
student_153,23/01/2023 11:48:52,9.12
student_82,23/01/2023 11:48:55,12.38
student_88,23/01/2023 11:48:55,8.73
student_85,23/01/2023 11:48:56,13.72
student_102,23/01/2023 11:48:57,12.53
student_126,23/01/2023 11:49:00,8.68
student_59,23/01/2023 11:49:02,14.3
student_189,23/01/2023 11:49:06,8.93
student_193,23/01/2023 11:49:08,8.86
student_16,23/01/2023 11:49:09,11.95
student_13,23/01/2023 11:49:12,11.66
student_46,23/01/2023 11:49:14,9.42
student_55,23/01/2023 11:49:16,10.34
student_5,23/01/2023 11:49:19,8.09
student_18,23/01/2023 11:49:19,13.78
student_171,23/01/2023 11:49:19,12.15
student_6,23/01/2023 11:49:21,12.35
student_19,23/01/2023 11:49:21,11.26
student_98,23/01/2023 11:49:22,10.71
student_170,23/01/2023 11:49:28,10.99
student_143,23/01/2023 11:49:29,14.49
student_164,23/01/2023 11:49:31,10.43
student_75,23/01/2023 11:49:31,13.98
student_87,23/01/2023 11:49:32,13.08
student_113,23/01/2023 11:49:42,8.4
student_80,23/01/2023 11:49:44,10.68
student_193,23/01/2023 11:49:44,13.97
student_62,23/01/2023 11:49:45,14.61
student_73,23/01/2023 11:49:46,10.69
student_5,23/01/2023 11:49:47,7.12
student_107,23/01/2023 11:49:47,15.82
student_150,23/01/2023 11:49:47,13.26
student_188,23/01/2023 11:49:48,12.32
student_188,23/01/2023 11:49:49,7.25
student_102,23/01/2023 11:49:49,14.13
student_50,23/01/2023 11:49:50,11.12
student_28,23/01/2023 11:49:53,15.38
student_80,23/01/2023 11:49:53,15.75
student_154,23/01/2023 11:49:54,9.76
student_50,23/01/2023 11:49:55,10.4
student_15,23/01/2023 11:49:56,10.61
student_132,23/01/2023 11:50:00,9.57
student_183,23/01/2023 11:50:02,11.84
student_80,23/01/2023 11:50:08,11.6
student_42,23/01/2023 11:50:08,10.01
student_104,23/01/2023 11:50:09,10.03
student_124,23/01/2023 11:50:09,17.4
student_104,23/01/2023 11:50:10,12.09
student_44,23/01/2023 11:50:13,12.62
student_61,23/01/2023 11:50:14,10.32
student_191,23/01/2023 11:50:18,7.42
student_9,23/01/2023 11:50:18,10.17
student_184,23/01/2023 11:50:19,13.12
student_59,23/01/2023 11:50:19,15.38
student_124,23/01/2023 11:50:20,14.03
student_122,23/01/2023 11:50:21,14.62
student_122,23/01/2023 11:50:21,12.91
student_109,23/01/2023 11:50:22,12.35
student_187,23/01/2023 11:50:22,14.01
student_19,23/01/2023 11:50:22,10.67
student_131,23/01/2023 11:50:22,14.36
student_157,23/01/2023 11:50:24,15.65
student_52,23/01/2023 11:50:24,7.98
student_149,23/01/2023 11:50:26,13.09
student_168,23/01/2023 11:50:26,8.46
student_152,23/01/2023 11:50:27,13.07
student_198,23/01/2023 11:50:31,10.46
student_166,23/01/2023 11:50:32,11.68
student_119,23/01/2023 11:50:32,14.4
student_30,23/01/2023 11:50:33,8.27
student_34,23/01/2023 11:50:34,13.34
student_24,23/01/2023 11:50:34,8.86
student_20,23/01/2023 11:50:39,11.44
student_46,23/01/2023 11:50:40,8.14
student_93,23/01/2023 11:50:40,14.18
student_144,23/01/2023 11:50:41,12.68
student_159,23/01/2023 11:50:41,7.68
student_84,23/01/2023 11:50:42,11.1
student_37,23/01/2023 11:50:42,15.97
student_126,23/01/2023 11:50:43,15.47
student_201,23/01/2023 11:50:43,12.96
student_70,23/01/2023 11:50:43,7.22
student_197,23/01/2023 11:50:46,11.19
student_178,23/01/2023 11:50:47,11.79
student_154,23/01/2023 11:50:48,8
student_180,23/01/2023 11:50:50,8.56
student_3,23/01/2023 11:50:51,13.42
student_192,23/01/2023 11:50:52,11.13
student_107,23/01/2023 11:50:52,10.29
student_18,23/01/2023 11:50:53,8.66
student_35,23/01/2023 11:50:56,14.54
student_179,23/01/2023 11:50:56,12.78
student_130,23/01/2023 11:51:02,12.96
student_32,23/01/2023 11:51:03,11.16
student_79,23/01/2023 11:51:03,10.48
student_33,23/01/2023 11:51:05,9.96
student_61,23/01/2023 11:51:06,15.97
student_75,23/01/2023 11:51:07,12.07
student_169,23/01/2023 11:51:08,16.49
student_25,23/01/2023 11:51:09,7.03
student_161,23/01/2023 11:51:10,8.22
student_164,23/01/2023 11:51:10,14.95
student_21,23/01/2023 11:51:10,9.18
student_79,23/01/2023 11:51:11,10.97
student_49,23/01/2023 11:51:12,11.45
student_19,23/01/2023 11:51:13,16.45
student_98,23/01/2023 11:51:14,14.51
student_154,23/01/2023 11:51:15,15.83
student_147,23/01/2023 11:51:16,12.5
student_88,23/01/2023 11:51:16,9.19
student_29,23/01/2023 11:51:17,11.92
student_154,23/01/2023 11:51:18,10.94
student_147,23/01/2023 11:51:19,15.54
student_3,23/01/2023 11:51:21,13.97
student_167,23/01/2023 11:51:22,11.44
student_94,23/01/2023 11:51:22,15.91
student_143,23/01/2023 11:51:23,12.45
student_104,23/01/2023 11:51:24,10.59
student_49,23/01/2023 11:51:28,15.45
student_120,23/01/2023 11:51:29,12.42
student_157,23/01/2023 11:51:32,12.33
student_19,23/01/2023 11:51:32,14.07
student_98,23/01/2023 11:51:32,9.01
student_45,23/01/2023 11:51:33,12.59
student_1,23/01/2023 11:51:35,9.22
student_23,23/01/2023 11:51:35,12.51
student_157,23/01/2023 11:51:36,11.49
student_21,23/01/2023 11:51:37,7.71
student_135,23/01/2023 11:51:38,10.97
student_199,23/01/2023 11:51:39,8.8
student_50,23/01/2023 11:51:42,11.96
student_148,23/01/2023 11:51:42,8.24
student_150,23/01/2023 11:51:43,7.8
student_169,23/01/2023 11:51:49,13.47
student_126,23/01/2023 11:51:50,13.65
student_80,23/01/2023 11:51:53,10.2
student_15,23/01/2023 11:51:54,9.82
student_39,23/01/2023 11:51:55,14.31
student_199,23/01/2023 11:51:59,12.99
student_155,23/01/2023 11:52:00,12.68
student_75,23/01/2023 11:52:01,10.13
student_19,23/01/2023 11:52:01,12.29
student_53,23/01/2023 11:52:02,17.49
student_73,23/01/2023 11:52:02,14.02
student_135,23/01/2023 11:52:03,8.48
student_22,23/01/2023 11:52:03,10.3
student_56,23/01/2023 11:52:03,13.78
student_37,23/01/2023 11:52:06,17.1
student_61,23/01/2023 11:52:08,16.86
student_133,23/01/2023 11:52:09,9.3
student_32,23/01/2023 11:52:09,13.31
student_145,23/01/2023 11:52:09,9.1
student_44,23/01/2023 11:52:11,14.08
student_159,23/01/2023 11:52:16,8.3
student_1,23/01/2023 11:52:19,10.33
student_94,23/01/2023 11:52:19,12.15
student_162,23/01/2023 11:52:24,14.9
student_37,23/01/2023 11:52:24,9.87
student_30,23/01/2023 11:52:25,11.55
student_6,23/01/2023 11:52:25,14.89
student_94,23/01/2023 11:52:25,10.52
student_126,23/01/2023 11:52:26,8.6
student_24,23/01/2023 11:52:26,11.8
student_15,23/01/2023 11:52:27,15.68
student_15,23/01/2023 11:52:29,14.59
student_154,23/01/2023 11:52:30,8.78
student_143,23/01/2023 11:52:31,9.44
student_68,23/01/2023 11:52:34,12.63
student_98,23/01/2023 11:52:38,12.86
student_112,23/01/2023 11:52:38,11.75
student_32,23/01/2023 11:52:38,13.14
student_117,23/01/2023 11:52:38,9.96
student_108,23/01/2023 11:52:38,13.57
student_66,23/01/2023 11:52:41,14.6
student_59,23/01/2023 11:52:43,15.65
student_62,23/01/2023 11:52:44,9.56
student_55,23/01/2023 11:52:48,12.64
student_165,23/01/2023 11:52:48,10.51
student_45,23/01/2023 11:52:49,12.77
student_174,23/01/2023 11:52:50,11.74
student_46,23/01/2023 11:52:50,9.3
student_80,23/01/2023 11:52:51,13.53
student_189,23/01/2023 11:52:51,8.74
student_17,23/01/2023 11:52:52,15.88
student_72,23/01/2023 11:52:53,15.41
student_147,23/01/2023 11:52:53,8.99
student_197,23/01/2023 11:52:53,11.38
student_128,23/01/2023 11:52:54,10.01
student_94,23/01/2023 11:52:55,14.27
student_150,23/01/2023 11:52:56,14.17
student_155,23/01/2023 11:52:58,16.03
student_150,23/01/2023 11:52:59,12.78
student_155,23/01/2023 11:53:00,15
student_1,23/01/2023 11:53:00,13.96
student_118,23/01/2023 11:53:02,11.37
student_64,23/01/2023 11:53:02,16.85
student_99,23/01/2023 11:53:04,11.73
student_94,23/01/2023 11:53:05,14.32
student_75,23/01/2023 11:53:05,6.71
student_147,23/01/2023 11:53:06,13.62
student_57,23/01/2023 11:53:06,17.08
student_153,23/01/2023 11:53:08,13.16
student_104,23/01/2023 11:53:08,10.84
student_82,23/01/2023 11:53:08,14.08
student_22,23/01/2023 11:53:10,10.17
student_195,23/01/2023 11:53:10,15.44
student_191,23/01/2023 11:53:11,6.96
student_19,23/01/2023 11:53:11,14.24
student_94,23/01/2023 11:53:11,9.46
student_76,23/01/2023 11:53:12,9.38
student_85,23/01/2023 11:53:12,10.63
student_126,23/01/2023 11:53:15,8.38
student_55,23/01/2023 11:53:17,11.27
student_159,23/01/2023 11:53:17,10.92
student_173,23/01/2023 11:53:17,15.61
student_35,23/01/2023 11:53:18,12.68
student_169,23/01/2023 11:53:18,11.5
student_193,23/01/2023 11:53:19,9.31
student_141,23/01/2023 11:53:20,10.51
student_198,23/01/2023 11:53:22,7.35
student_160,23/01/2023 11:53:23,8.49
student_62,23/01/2023 11:53:24,10.68
student_149,23/01/2023 11:53:29,11.39
student_36,23/01/2023 11:53:30,14.32
student_53,23/01/2023 11:53:32,13.35
student_32,23/01/2023 11:53:33,14.97
student_188,23/01/2023 11:53:34,15.72
student_198,23/01/2023 11:53:34,10.2
student_135,23/01/2023 11:53:36,8.24
student_57,23/01/2023 11:53:36,8.34
student_158,23/01/2023 11:53:37,8.21
student_84,23/01/2023 11:53:39,10.51
student_193,23/01/2023 11:53:40,8.28
student_153,23/01/2023 11:53:43,14.46
student_33,23/01/2023 11:53:43,9.28
student_23,23/01/2023 11:53:44,13.74
student_184,23/01/2023 11:53:44,15.56
student_104,23/01/2023 11:53:44,15.38
student_55,23/01/2023 11:53:45,11.42
student_164,23/01/2023 11:53:45,11
student_60,23/01/2023 11:53:47,9.74
student_61,23/01/2023 11:53:49,12.11
student_173,23/01/2023 11:53:49,9.06
student_63,23/01/2023 11:53:50,16.1
student_164,23/01/2023 11:53:50,12.34
student_107,23/01/2023 11:53:50,15.65
student_171,23/01/2023 11:53:50,9.56
student_58,23/01/2023 11:53:54,11.96
student_107,23/01/2023 11:53:54,13.48
student_159,23/01/2023 11:53:56,13.69
student_113,23/01/2023 11:53:57,14.02
student_16,23/01/2023 11:54:00,8
student_158,23/01/2023 11:54:00,13.1
student_159,23/01/2023 11:54:00,15.51
student_182,23/01/2023 11:54:01,9.64
student_156,23/01/2023 11:54:02,10.06
student_191,23/01/2023 11:54:03,13.42
student_126,23/01/2023 11:54:05,10.64
student_39,23/01/2023 11:54:06,10.84
student_89,23/01/2023 11:54:08,13.99
student_127,23/01/2023 11:54:14,12.18
student_125,23/01/2023 11:54:14,11.16
student_180,23/01/2023 11:54:15,12.39
student_70,23/01/2023 11:54:16,11.38
student_145,23/01/2023 11:54:17,14.54
student_119,23/01/2023 11:54:17,14.2
student_175,23/01/2023 11:54:18,16.01
student_159,23/01/2023 11:54:19,14.46
student_192,23/01/2023 11:54:19,12.52
student_50,23/01/2023 11:54:19,11.23
student_159,23/01/2023 11:54:20,8.37
student_198,23/01/2023 11:54:22,14.51
student_29,23/01/2023 11:54:23,12.44
student_92,23/01/2023 11:54:23,13.18
student_20,23/01/2023 11:54:24,14.89
student_193,23/01/2023 11:54:25,10.81
student_181,23/01/2023 11:54:27,15.87
student_55,23/01/2023 11:54:28,11.24
student_94,23/01/2023 11:54:28,14.62
student_164,23/01/2023 11:54:29,13.84
student_170,23/01/2023 11:54:29,9.94
student_52,23/01/2023 11:54:29,14.38
student_153,23/01/2023 11:54:30,12.7
student_134,23/01/2023 11:54:30,8.6
student_150,23/01/2023 11:54:33,13.41
student_25,23/01/2023 11:54:34,14.16
student_89,23/01/2023 11:54:36,9.68
student_47,23/01/2023 11:54:38,9.17
student_108,23/01/2023 11:54:38,12.27
student_93,23/01/2023 11:54:39,9.39
student_149,23/01/2023 11:54:39,9.88
student_197,23/01/2023 11:54:40,12.14
student_14,23/01/2023 11:54:43,15.85
student_154,23/01/2023 11:54:43,12.46
student_161,23/01/2023 11:54:43,14.52
student_107,23/01/2023 11:54:45,15.71
student_75,23/01/2023 11:54:46,15.35
student_196,23/01/2023 11:54:52,15.77
student_108,23/01/2023 11:54:52,9.91
student_155,23/01/2023 11:54:52,8.25
student_55,23/01/2023 11:54:54,7
student_171,23/01/2023 11:54:57,16.05
student_114,23/01/2023 11:54:58,12.36
student_28,23/01/2023 11:55:04,9.65
student_169,23/01/2023 11:55:11,8.55
student_109,23/01/2023 11:55:13,13.28
student_101,23/01/2023 11:55:13,14.91
student_154,23/01/2023 11:55:14,12.62
student_155,23/01/2023 11:55:15,16.66
student_151,23/01/2023 11:55:15,13.35
student_111,23/01/2023 11:55:16,11.86
student_94,23/01/2023 11:55:17,15.37
student_155,23/01/2023 11:55:21,14.51
student_40,23/01/2023 11:55:21,12.17
student_169,23/01/2023 11:55:23,14.27
student_198,23/01/2023 11:55:23,15.64
student_49,23/01/2023 11:55:24,12.94
student_57,23/01/2023 11:55:25,7.01
student_10,23/01/2023 11:55:25,14.66
student_60,23/01/2023 11:55:28,14.38
student_47,23/01/2023 11:55:29,10.47
student_154,23/01/2023 11:55:30,11.41
student_191,23/01/2023 11:55:33,15.43
student_10,23/01/2023 11:55:33,12.03
student_111,23/01/2023 11:55:34,7.98
student_19,23/01/2023 11:55:37,15.54
student_40,23/01/2023 11:55:37,10.83
student_99,23/01/2023 11:55:37,9.17
student_93,23/01/2023 11:55:37,11.61
student_164,23/01/2023 11:55:38,10.53
student_148,23/01/2023 11:55:39,10.17
student_183,23/01/2023 11:55:40,13.12
student_100,23/01/2023 11:55:40,8.99
student_144,23/01/2023 11:55:41,15.19
student_191,23/01/2023 11:55:44,13.99
student_101,23/01/2023 11:55:44,13.99
student_134,23/01/2023 11:55:46,13.8
student_104,23/01/2023 11:55:47,9.18
student_111,23/01/2023 11:55:49,10.57
student_79,23/01/2023 11:55:52,10.17
student_159,23/01/2023 11:55:54,9.66
student_43,23/01/2023 11:55:55,15.5
student_33,23/01/2023 11:55:58,13.93
student_98,23/01/2023 11:56:00,7.71
student_4,23/01/2023 11:56:02,12.4
student_72,23/01/2023 11:56:02,9.02
student_15,23/01/2023 11:56:02,10.91
student_126,23/01/2023 11:56:03,8.59
student_94,23/01/2023 11:56:04,14.9
student_198,23/01/2023 11:56:04,7.9
student_62,23/01/2023 11:56:04,12.36
student_42,23/01/2023 11:56:05,13.91
student_34,23/01/2023 11:56:06,15.42
student_60,23/01/2023 11:56:06,14.04
student_171,23/01/2023 11:56:06,14.75
student_40,23/01/2023 11:56:08,10.39
student_109,23/01/2023 11:56:09,14.91
student_41,23/01/2023 11:56:10,10.62
student_185,23/01/2023 11:56:11,13.59
student_169,23/01/2023 11:56:12,8.24
student_107,23/01/2023 11:56:13,11.74
student_128,23/01/2023 11:56:13,7.95
student_99,23/01/2023 11:56:18,13.33
student_42,23/01/2023 11:56:18,12.74
student_191,23/01/2023 11:56:18,11.46
student_79,23/01/2023 11:56:20,9.33
student_116,23/01/2023 11:56:20,11.81
student_34,23/01/2023 11:56:21,15.19
student_121,23/01/2023 11:56:21,12.57
student_189,23/01/2023 11:56:21,8.68
student_171,23/01/2023 11:56:22,12.73
student_104,23/01/2023 11:56:24,10.97
student_34,23/01/2023 11:56:25,9.61
student_147,23/01/2023 11:56:26,14.9
student_75,23/01/2023 11:56:27,14.77
student_201,23/01/2023 11:56:28,8.38
student_29,23/01/2023 11:56:29,11.97
student_61,23/01/2023 11:56:33,13.72
student_50,23/01/2023 11:56:35,8.75
student_29,23/01/2023 11:56:37,14.95
student_171,23/01/2023 11:56:40,7.55
student_32,23/01/2023 11:56:42,14.61
student_140,23/01/2023 11:56:42,8.57
student_19,23/01/2023 11:56:44,9.52
student_119,23/01/2023 11:56:47,8.65
student_126,23/01/2023 11:56:49,11.23
student_61,23/01/2023 11:56:50,9.99
student_157,23/01/2023 11:56:54,8.11
student_148,23/01/2023 11:56:55,7.74
student_140,23/01/2023 11:57:00,13.08
student_159,23/01/2023 11:57:01,9.29
student_41,23/01/2023 11:57:03,13.01
student_126,23/01/2023 11:57:03,15.7
student_171,23/01/2023 11:57:05,8.77
student_165,23/01/2023 11:57:06,11.24
student_70,23/01/2023 11:57:07,12.98
student_69,23/01/2023 11:57:07,12.34
student_175,23/01/2023 11:57:08,8.49
student_119,23/01/2023 11:57:13,16.19
student_80,23/01/2023 11:57:14,13.54
student_125,23/01/2023 11:57:15,11.63
student_80,23/01/2023 11:57:15,14.46
student_121,23/01/2023 11:57:16,8.43
student_62,23/01/2023 11:57:20,12.74
student_129,23/01/2023 11:57:20,9.81
student_107,23/01/2023 11:57:22,9.22
student_99,23/01/2023 11:57:24,10.18
student_169,23/01/2023 11:57:25,8.46
student_140,23/01/2023 11:57:26,9.31
student_55,23/01/2023 11:57:26,10.51
student_193,23/01/2023 11:57:28,7.35
student_94,23/01/2023 11:57:28,10.36
student_44,23/01/2023 11:57:28,8.67
student_193,23/01/2023 11:57:31,7.41
student_75,23/01/2023 11:57:32,7.44
student_42,23/01/2023 11:57:33,10.38
student_188,23/01/2023 11:57:34,8.12
student_170,23/01/2023 11:57:35,13.91
student_157,23/01/2023 11:57:35,7.49
student_24,23/01/2023 11:57:36,14.06
student_117,23/01/2023 11:57:37,10.57
student_17,23/01/2023 11:57:38,7.8
student_185,23/01/2023 11:57:40,11.72
student_159,23/01/2023 11:57:40,12.85
student_148,23/01/2023 11:57:40,13.05
student_153,23/01/2023 11:57:42,13.18
student_57,23/01/2023 11:57:43,16.07
student_44,23/01/2023 11:57:43,14.53
student_46,23/01/2023 11:57:43,13.41
student_148,23/01/2023 11:57:45,12.08
student_2,23/01/2023 11:57:47,14.17
student_80,23/01/2023 11:57:47,15.38
student_90,23/01/2023 11:57:52,16.97
student_193,23/01/2023 11:57:54,10.03
student_94,23/01/2023 11:57:56,7.6
student_44,23/01/2023 11:57:56,10.75
student_171,23/01/2023 11:57:57,14.69
student_126,23/01/2023 11:57:57,12.32
student_150,23/01/2023 11:57:59,13.46
student_10,23/01/2023 11:58:00,8.78
student_80,23/01/2023 11:58:00,11.74
student_91,23/01/2023 11:58:04,8.78
student_186,23/01/2023 11:58:05,15.23
student_130,23/01/2023 11:58:05,12.71
student_199,23/01/2023 11:58:06,14.02
student_42,23/01/2023 11:58:07,7.59
student_126,23/01/2023 11:58:07,11.88
student_82,23/01/2023 11:58:07,8.1
student_192,23/01/2023 11:58:07,8.55
student_50,23/01/2023 11:58:08,10.37
student_95,23/01/2023 11:58:09,13.99
student_89,23/01/2023 11:58:09,10.98
student_110,23/01/2023 11:58:10,13.64
student_65,23/01/2023 11:58:16,11.36
student_37,23/01/2023 11:58:16,12.08
student_198,23/01/2023 11:58:18,10.13
student_200,23/01/2023 11:58:21,13.05
student_104,23/01/2023 11:58:23,11.92
student_50,23/01/2023 11:58:23,16.28
student_151,23/01/2023 11:58:24,11.48
student_202,23/01/2023 11:58:25,11.22
student_157,23/01/2023 11:58:26,9.9
student_142,23/01/2023 11:58:27,11.35
student_187,23/01/2023 11:58:27,11.57
student_132,23/01/2023 11:58:29,10.61
student_183,23/01/2023 11:58:30,10.6
student_166,23/01/2023 11:58:32,10.85
student_8,23/01/2023 11:58:33,14.15
student_28,23/01/2023 11:58:34,11.6
student_148,23/01/2023 11:58:38,10.09
student_159,23/01/2023 11:58:40,16.04
student_15,23/01/2023 11:58:41,11.17
student_61,23/01/2023 11:58:42,12.43
student_18,23/01/2023 11:58:44,14.69
student_193,23/01/2023 11:58:45,12.34
student_94,23/01/2023 11:58:47,14.17
student_147,23/01/2023 11:58:47,15.72
student_149,23/01/2023 11:58:47,13.96
student_192,23/01/2023 11:58:48,9.91
student_23,23/01/2023 11:58:48,9.69
student_98,23/01/2023 11:58:48,8.73
student_182,23/01/2023 11:58:50,14.7
student_98,23/01/2023 11:58:50,8.87
student_105,23/01/2023 11:58:50,15.3
student_199,23/01/2023 11:58:51,13.55
student_156,23/01/2023 11:58:52,11.37
student_94,23/01/2023 11:58:54,10.16
student_67,23/01/2023 11:58:57,9.93
student_62,23/01/2023 11:58:58,16.66
student_69,23/01/2023 11:58:58,8.48
student_34,23/01/2023 11:58:59,12.68
student_150,23/01/2023 11:58:59,10.89
student_191,23/01/2023 11:59:00,10.09
student_28,23/01/2023 11:59:05,14.18
student_20,23/01/2023 11:59:07,14.76
student_182,23/01/2023 11:59:07,11.98
student_85,23/01/2023 11:59:11,10.42
student_61,23/01/2023 11:59:12,12.99
student_25,23/01/2023 11:59:13,11.16
student_98,23/01/2023 11:59:14,13.33
student_199,23/01/2023 11:59:14,11.42
student_68,23/01/2023 11:59:15,14.2
student_37,23/01/2023 11:59:15,13.05
student_102,23/01/2023 11:59:15,12.68
student_146,23/01/2023 11:59:17,12.94
student_119,23/01/2023 11:59:17,12.83
student_142,23/01/2023 11:59:18,12.55
student_155,23/01/2023 11:59:20,9.36
student_96,23/01/2023 11:59:22,10.74
student_80,23/01/2023 11:59:23,14.43
student_75,23/01/2023 11:59:23,14.03
student_94,23/01/2023 11:59:24,15.48
student_47,23/01/2023 11:59:25,11.8
student_116,23/01/2023 11:59:25,9.19
student_145,23/01/2023 11:59:25,9.44
student_117,23/01/2023 11:59:29,8.95
student_109,23/01/2023 11:59:31,17.4
student_104,23/01/2023 11:59:33,13.76
student_152,23/01/2023 11:59:34,14.38
student_104,23/01/2023 11:59:37,12.79
student_47,23/01/2023 11:59:39,10.66
student_55,23/01/2023 11:59:41,16.22
student_24,23/01/2023 11:59:42,8.35
student_201,23/01/2023 11:59:42,15.42
student_26,23/01/2023 11:59:42,11.98
student_196,23/01/2023 11:59:43,12.6
student_157,23/01/2023 11:59:47,12.74
student_65,23/01/2023 11:59:47,10.92
student_153,23/01/2023 11:59:48,9.89
student_81,23/01/2023 11:59:50,9.53
student_132,23/01/2023 11:59:52,12.69
student_142,23/01/2023 11:59:53,15.26
student_131,23/01/2023 11:59:53,7.28
student_111,23/01/2023 11:59:54,13.86
student_15,23/01/2023 11:59:55,13.02
student_125,23/01/2023 11:59:55,15.74
student_132,23/01/2023 11:59:57,9.75
student_39,23/01/2023 11:59:58,8.88
student_71,23/01/2023 12:00:08,8.18
student_138,23/01/2023 12:00:13,13.36
student_136,23/01/2023 12:00:19,11.27
student_52,23/01/2023 12:00:20,12.49
student_154,23/01/2023 12:00:23,12.6
student_27,23/01/2023 12:00:26,8.12
student_20,23/01/2023 12:00:37,10.57
student_181,23/01/2023 12:00:49,9.71
student_128,23/01/2023 12:00:56,9.12
student_120,23/01/2023 12:01:00,9.24
student_198,23/01/2023 12:01:05,14
student_159,23/01/2023 12:01:10,13.98
student_174,23/01/2023 12:01:11,15
student_148,23/01/2023 12:01:13,12.37
student_72,23/01/2023 12:01:15,14.64
student_157,23/01/2023 12:01:16,9.55
student_12,23/01/2023 12:01:23,9.7
student_108,23/01/2023 12:01:27,11.89
student_86,23/01/2023 12:01:39,11.45
student_146,23/01/2023 12:01:41,10.34
student_169,23/01/2023 12:01:56,10.76
student_182,23/01/2023 12:02:04,10.63
student_183,23/01/2023 12:02:15,13
student_104,23/01/2023 12:02:23,9.98
student_107,23/01/2023 12:02:27,15.48
student_81,23/01/2023 12:02:33,14.8
student_118,23/01/2023 12:02:33,15.22
student_198,23/01/2023 12:02:37,10.64
student_122,23/01/2023 12:02:43,14.43
student_94,23/01/2023 12:02:47,12.43
student_19,23/01/2023 12:02:49,13.84
student_76,23/01/2023 12:02:50,11.25
student_157,23/01/2023 12:02:52,17.45
student_88,23/01/2023 12:02:53,14.87
student_149,23/01/2023 12:03:05,11.2
student_198,23/01/2023 12:03:07,12.74
student_136,23/01/2023 12:03:08,12.22
student_54,23/01/2023 12:03:11,11.56
student_50,23/01/2023 12:03:14,9.85
student_61,23/01/2023 12:03:17,15.12
student_201,23/01/2023 12:03:21,9.75
student_34,23/01/2023 12:03:21,9.69
student_102,23/01/2023 12:03:25,12.06
student_140,23/01/2023 12:03:33,15.38
student_83,23/01/2023 12:03:50,9.15
student_157,23/01/2023 12:03:53,17.23
student_157,23/01/2023 12:04:02,14.12
student_166,23/01/2023 12:04:02,14.05
student_160,23/01/2023 12:04:03,12.41
student_18,23/01/2023 12:04:05,7.86
student_146,23/01/2023 12:04:10,12.57
student_164,23/01/2023 12:04:16,14.08
student_193,23/01/2023 12:04:18,17.35
student_157,23/01/2023 12:04:19,9.73
student_92,23/01/2023 12:04:20,9.97
student_44,23/01/2023 12:04:20,15.42
student_148,23/01/2023 12:04:23,14.21
student_186,23/01/2023 12:04:25,13.06
student_95,23/01/2023 12:04:28,13.9
student_150,23/01/2023 12:04:32,9.19
student_189,23/01/2023 12:04:41,13.37
student_9,23/01/2023 12:04:43,10.68
student_109,23/01/2023 12:04:45,14.28
student_154,23/01/2023 12:04:47,15.75
student_143,23/01/2023 12:04:48,12.02
student_42,23/01/2023 12:04:55,8.25
student_108,23/01/2023 12:04:56,9.57
student_120,23/01/2023 12:04:58,11.44
student_44,23/01/2023 12:04:58,15.07
student_111,23/01/2023 12:05:09,14.97
student_184,23/01/2023 12:05:21,13.75
student_28,23/01/2023 12:05:31,11.68
student_75,23/01/2023 12:05:40,9.8
student_80,23/01/2023 12:05:56,10.84
student_156,23/01/2023 12:06:02,11.35
student_159,23/01/2023 12:06:10,10.39
student_58,23/01/2023 12:06:14,9.03
student_76,23/01/2023 12:06:17,10.47
student_63,23/01/2023 12:06:28,9.58
student_50,23/01/2023 12:06:37,8.66
student_155,23/01/2023 12:06:38,11.47
student_116,23/01/2023 12:06:44,13.27
student_191,23/01/2023 12:06:46,8.92
student_100,23/01/2023 12:06:46,14.04
student_127,23/01/2023 12:06:55,11.98
student_195,23/01/2023 12:07:06,13.7
student_150,23/01/2023 12:07:11,12.09
student_60,23/01/2023 12:07:15,16.14
student_62,23/01/2023 12:07:20,12.94
student_198,23/01/2023 12:07:22,13.75
student_80,23/01/2023 12:07:27,10.27
student_191,23/01/2023 12:07:27,17.07
student_42,23/01/2023 12:07:27,14.16
student_62,23/01/2023 12:07:28,16.48
student_98,23/01/2023 12:07:32,7.73
student_44,23/01/2023 12:07:32,14.23
student_147,23/01/2023 12:07:40,8.46
student_187,23/01/2023 12:07:40,10.63
student_123,23/01/2023 12:07:42,12.93
student_62,23/01/2023 12:07:46,15.04
student_61,23/01/2023 12:07:55,12.32
student_33,23/01/2023 12:07:56,12.73
student_120,23/01/2023 12:07:57,13.96
student_192,23/01/2023 12:07:58,14.45
student_133,23/01/2023 12:08:01,11.62
student_169,23/01/2023 12:08:12,16.14
student_161,23/01/2023 12:08:14,8.92
student_159,23/01/2023 12:08:22,8.89
student_90,23/01/2023 12:08:30,12.98
student_66,23/01/2023 12:08:31,8.5
student_92,23/01/2023 12:08:34,11.52
student_136,23/01/2023 12:08:45,9.79
student_202,23/01/2023 12:08:46,8.16
student_138,23/01/2023 12:08:55,15.98
student_157,23/01/2023 12:09:01,11.43
student_5,23/01/2023 12:09:04,12.01
student_125,23/01/2023 12:09:05,10.84
student_55,23/01/2023 12:09:07,11.32
student_45,23/01/2023 12:09:10,13.55
student_181,23/01/2023 12:09:16,16.57
student_80,23/01/2023 12:09:25,12.88
student_194,23/01/2023 12:09:29,14.5
student_100,23/01/2023 12:09:32,12.24
student_103,23/01/2023 12:09:38,13.5
student_149,23/01/2023 12:09:39,14.96
student_37,23/01/2023 12:09:45,8.08
student_191,23/01/2023 12:09:46,10.03
student_122,23/01/2023 12:09:47,16.21
student_164,23/01/2023 12:09:53,11.74
student_109,23/01/2023 12:10:02,13
student_169,23/01/2023 12:10:19,15.84
student_66,23/01/2023 12:10:25,8.69
student_31,23/01/2023 12:10:26,12.47
student_60,23/01/2023 12:10:30,11.41
student_193,23/01/2023 12:10:45,8.08
student_107,23/01/2023 12:10:51,11.69
student_122,23/01/2023 12:10:51,16.68
student_107,23/01/2023 12:10:55,11.75
student_57,23/01/2023 12:11:10,15.23
student_198,23/01/2023 12:11:10,9.39
student_154,23/01/2023 12:11:20,9.63
student_67,23/01/2023 12:11:29,10.74
student_99,23/01/2023 12:11:42,11.51
student_40,23/01/2023 12:11:43,8.52
student_155,23/01/2023 12:11:49,10.05
student_163,23/01/2023 12:11:55,9.37
student_118,23/01/2023 12:11:58,9.38
student_8,23/01/2023 12:11:59,12.37
student_155,23/01/2023 12:12:02,8.83
student_133,23/01/2023 12:12:04,16.17
student_42,23/01/2023 12:12:18,15.2
student_148,23/01/2023 12:12:19,12.14
student_42,23/01/2023 12:12:26,14.1
student_15,23/01/2023 12:12:27,15.22
student_44,23/01/2023 12:12:44,13.4
student_159,23/01/2023 12:12:49,9.16
student_175,23/01/2023 12:13:28,11.38
student_169,23/01/2023 12:13:31,10.25
student_76,23/01/2023 12:14:01,11.77
student_42,23/01/2023 12:14:03,11.59
student_55,23/01/2023 12:14:04,10.77
student_44,23/01/2023 12:14:31,9.3
student_107,23/01/2023 12:14:33,11.3
student_149,23/01/2023 12:14:35,12.74
student_173,23/01/2023 12:14:41,14.73
student_126,23/01/2023 12:14:47,12.71
student_4,23/01/2023 12:14:53,9.96
student_42,23/01/2023 12:15:04,15.26
student_45,23/01/2023 12:15:18,9.86
student_149,23/01/2023 12:15:19,10.39
student_127,23/01/2023 12:15:54,12.39
student_155,23/01/2023 12:16:30,11.4
student_202,23/01/2023 12:16:35,13.99
student_202,23/01/2023 12:17:25,11.33
student_62,23/01/2023 12:17:28,13.28
student_107,23/01/2023 12:17:32,9.71
student_39,23/01/2023 12:17:51,9.96
student_36,23/01/2023 12:18:23,7.95
student_100,23/01/2023 12:18:52,13.32
student_119,23/01/2023 12:19:13,8.13
student_41,23/01/2023 12:19:38,15.34
student_154,23/01/2023 12:19:50,10.07
